id,id_Key,Date_Proc,Lat_GMTCO,Lon_GMTCO,Date_Mscan,Date_LTZ,Temp_BB,Temp_Bkg,ESF_BB,RHI,RH,Methane_EQ,CO2_EQ,Area_Pixel,Area_BB,Cloud_Mask,QF_Fit,QF_Detect,Rad_DNB,Rad_M07,Rad_M08,Rad_M10,Rad_M11,Rad_M12,Rad_M13,Rad_M14,Rad_M15,Rad_M16,Tran_DNB,Tran_M07,Tran_M08,Tran_M10,Tran_M11,Tran_M12,Tran_M13,Tran_M14,Tran_M15,Tran_M16,PThm_M12,PThm_M13,PThm_M14,PThm_M15,PThm_M16,QF1_DNB,QF1_M07,QF1_M08,QF1_M10,QF_M11,QF1_M12,QF1_M13,QF1_M14,QF1_M15,QF1_M16,COT_IVCOP,EPS_IVCOP,QF1_IVCOP,QF2_IVCOP,QF3_IVCOP,DN_M10,Sample_M10,Line_M10,Sample_BT,Line_BT,Sample_DNB,Line_DNB,Lat_DNB,Lon_DNB,Dist_DNB,Thr_M07,Thr_M08,Thr_M10,Thr_M11,Thr_M16,SOLZ_GMTCO,SOLA_GMTCO,SATZ_GMTCO,SATA_GMTCO,SCVX_GMTCO,SCVY_GMTCO,SCVZ_GMTCO,SCPX_GMTCO,SCPY_GMTCO,SCPZ_GMTCO,SCAX_GMTCO,SCAY_GMTCO,SCAZ_GMTCO,QF1_GMTCO,QF2_GMTCO,QF1_VICMO,QF2_VICMO,QF3_VICMO,QF4_VICMO,QF5_VICMO,QF6_VICMO,Lat_Gring,Lon_Gring,CH_M12,CH_M13,File_M07,File_M08,File_M10,File_M11,File_M12,File_M13,File_M14,File_M15,File_M16,File_DNB,File_GDNB,File_GMTCO,File_GDNBO,File_VICMO,File_IVCOP,File_AC,Source_ID
3,x1060013E_y049053N_l0008_s1679_v30,2020/01/31 14:12:05,4.905349,106.001251,2020/01/31 18:25:56.705,2020-02-01 02:25:56.705,1927,999999,1.25727e-06,0.98234,0.570992,999999,999999,0.581257,0.730798,2,1,442189,0.0100317,0.0611861,0.125932,0.13089,0.100028,0.393382,0.678004,8.31303,8.91139,8.17374,1,1,1,1,1,1,1,1,1,1,0,0,0,0,0,0,0,0,0,0,0,0,0,0,0,999999,999999,999999,999999,999999,131,1679,8,999999,999999,2116,8,4.904758,106.003891,0.299593,0.0350277,0.0843979,0.0369416,0.018701,8.41215,157.498,125.168,4.7305,-80.9683,1423.57,1062.68,-7323.72,-1.91413e+06,6.92046e+06,623527,-8.67386,4.32156,16.5643,128,0,11,3,0,10,0,3,7.066313;5.037895;2.846395;-2.142497;0.022045;2.064270,91.766022;105.461746;119.064445;117.930977;104.344841;90.707710,0.000000;0.000943;0.001212;0.016562;0.022621;0.058506;0.071230;0.125360;0.224732;0.294818;0.310303;0.379917;0.386852;0.417485;0.419235;0.419235;0.000000,0.000000;0.000623;0.000874;0.016870;0.024196;0.072278;0.089973;0.165411;0.313720;0.419394;0.444804;0.566926;0.580419;0.690241;0.728933;999999.000000;999999.000000,SVM07_npp_d20200131_t1825564_e1827206_b42809_c20200131194956666236_noac_ops.h5,SVM08_npp_d20200131_t1825564_e1827206_b42809_c20200131194956670241_noac_ops.h5,SVM10_npp_d20200131_t1825564_e1827206_b42809_c20200131194956598642_noac_ops.h5,SVM11_npp_d20200131_t1825564_e1827206_b42809_c20200131194956607224_noac_ops.h5,SVM12_npp_d20200131_t1825564_e1827206_b42809_c20200131194956614703_noac_ops.h5,SVM13_npp_d20200131_t1825564_e1827206_b42809_c20200131194956623073_noac_ops.h5,SVM14_npp_d20200131_t1825564_e1827206_b42809_c20200131194956633177_noac_ops.h5,SVM15_npp_d20200131_t1825564_e1827206_b42809_c20200131194956638443_noac_ops.h5,SVM16_npp_d20200131_t1825564_e1827206_b42809_c20200131194956642075_noac_ops.h5,SVDNB_npp_d20200131_t1825564_e1827206_b42809_c20200131194954299442_noac_ops.h5,GDNBO_npp_d20200131_t1825564_e1827206_b42809_c20200131194954287679_noac_ops.h5,GMTCO_npp_d20200131_t1825564_e1827206_b42809_c20200131194906577388_noac_ops.h5,GDNBO_npp_d20200131_t1825564_e1827206_b42809_c20200131194954287679_noac_ops.h5,VICMO_npp_d20200131_t1825564_e1827206_b42809_c20200131195023784543_noac_ops.h5,,,
59,x1179109E_y023681N_l0091_s3126_v30,2020/01/31 14:12:05,2.368091,117.910934,2020/01/31 18:26:05.601,2020-02-01 02:26:05.601,999999,999999,999999,999999,999999,999999,999999,999999,999999,3,0,2305,-5.5093e-07,0.00535627,0.011098,0.048706,0.0021411,0.158349,0.272353,4.73425,5.60815,5.1753,1,1,1,1,1,1,1,1,1,1,0,0,0,0,0,0,0,0,0,0,0,0,0,0,0,999999,999999,999999,999999,999999,68,3126,91,999999,999999,3919,93,2.371079,117.912941,0.400436,0.0586187,0.125388,0.0485938,0.0241418,8.41215,145.994,118.236,67.65,-80.282,1442.9,995.472,-7329.34,-1.90138e+06,6.92962e+06,558348,-16.4284,4.70679,1.75721,0,0,14,129,1,3,0,6,7.066313;5.037895;2.846395;-2.142497;0.022045;2.064270,91.766022;105.461746;119.064445;117.930977;104.344841;90.707710,0.000000;0.000943;0.001212;0.016562;0.022621;0.058506;0.071230;0.125360;0.224732;0.294818;0.310303;0.379917;0.386852;0.417485;0.419235;0.419235;0.000000,0.000000;0.000623;0.000874;0.016870;0.024196;0.072278;0.089973;0.165411;0.313720;0.419394;0.444804;0.566926;0.580419;0.690241;0.728933;999999.000000;999999.000000,SVM07_npp_d20200131_t1825564_e1827206_b42809_c20200131194956666236_noac_ops.h5,SVM08_npp_d20200131_t1825564_e1827206_b42809_c20200131194956670241_noac_ops.h5,SVM10_npp_d20200131_t1825564_e1827206_b42809_c20200131194956598642_noac_ops.h5,SVM11_npp_d20200131_t1825564_e1827206_b42809_c20200131194956607224_noac_ops.h5,SVM12_npp_d20200131_t1825564_e1827206_b42809_c20200131194956614703_noac_ops.h5,SVM13_npp_d20200131_t1825564_e1827206_b42809_c20200131194956623073_noac_ops.h5,SVM14_npp_d20200131_t1825564_e1827206_b42809_c20200131194956633177_noac_ops.h5,SVM15_npp_d20200131_t1825564_e1827206_b42809_c20200131194956638443_noac_ops.h5,SVM16_npp_d20200131_t1825564_e1827206_b42809_c20200131194956642075_noac_ops.h5,SVDNB_npp_d20200131_t1825564_e1827206_b42809_c20200131194954299442_noac_ops.h5,GDNBO_npp_d20200131_t1825564_e1827206_b42809_c20200131194954287679_noac_ops.h5,GMTCO_npp_d20200131_t1825564_e1827206_b42809_c20200131194906577388_noac_ops.h5,GDNBO_npp_d20200131_t1825564_e1827206_b42809_c20200131194954287679_noac_ops.h5,VICMO_npp_d20200131_t1825564_e1827206_b42809_c20200131195023784543_noac_ops.h5,,,
60,x1082978E_y038526N_l0109_s2008_v30,2020/01/31 14:12:05,3.852563,108.297791,2020/01/31 18:26:07.381,2020-02-01 01:26:07.381,999999,999999,999999,999999,999999,999999,999999,999999,999999,0,0,439808,2.59236e-05,0.0168466,0.011098,0.00957102,0.0371007,0.379042,0.643999,8.08928,8.76276,8.0972,1,1,1,1,1,1,1,1,1,1,0,0,0,0,0,0,0,0,0,0,0,0,0,0,0,999999,999999,999999,999999,999999,38,2008,109,999999,999999,2480,109,3.854759,108.298485,0.256284,0.0350277,0.0843979,0.0369416,0.018701,8.41215,154.98,124.29,24.8205,-80.2889,1446.75,982.018,-7330.39,-1.89881e+06,6.93138e+06,545306,-16.138,3.91992,0.0913921,128,0,15,1,2,0,0,3,7.066313;5.037895;2.846395;-2.142497;0.022045;2.064270,91.766022;105.461746;119.064445;117.930977;104.344841;90.707710,0.000000;0.000943;0.001212;0.016562;0.022621;0.058506;0.071230;0.125360;0.224732;0.294818;0.310303;0.379917;0.386852;0.417485;0.419235;0.419235;0.000000,0.000000;0.000623;0.000874;0.016870;0.024196;0.072278;0.089973;0.165411;0.313720;0.419394;0.444804;0.566926;0.580419;0.690241;0.728933;999999.000000;999999.000000,SVM07_npp_d20200131_t1825564_e1827206_b42809_c20200131194956666236_noac_ops.h5,SVM08_npp_d20200131_t1825564_e1827206_b42809_c20200131194956670241_noac_ops.h5,SVM10_npp_d20200131_t1825564_e1827206_b42809_c20200131194956598642_noac_ops.h5,SVM11_npp_d20200131_t1825564_e1827206_b42809_c20200131194956607224_noac_ops.h5,SVM12_npp_d20200131_t1825564_e1827206_b42809_c20200131194956614703_noac_ops.h5,SVM13_npp_d20200131_t1825564_e1827206_b42809_c20200131194956623073_noac_ops.h5,SVM14_npp_d20200131_t1825564_e1827206_b42809_c20200131194956633177_noac_ops.h5,SVM15_npp_d20200131_t1825564_e1827206_b42809_c20200131194956638443_noac_ops.h5,SVM16_npp_d20200131_t1825564_e1827206_b42809_c20200131194956642075_noac_ops.h5,SVDNB_npp_d20200131_t1825564_e1827206_b42809_c20200131194954299442_noac_ops.h5,GDNBO_npp_d20200131_t1825564_e1827206_b42809_c20200131194954287679_noac_ops.h5,GMTCO_npp_d20200131_t1825564_e1827206_b42809_c20200131194906577388_noac_ops.h5,GDNBO_npp_d20200131_t1825564_e1827206_b42809_c20200131194954287679_noac_ops.h5,VICMO_npp_d20200131_t1825564_e1827206_b42809_c20200131195023784543_noac_ops.h5,,,
73,x1053263E_y041318N_l0138_s1609_v30,2020/01/31 14:12:05,4.131763,105.326302,2020/01/31 18:26:10.939,2020-02-01 01:26:10.939,999999,999999,999999,999999,999999,999999,999999,999999,999999,0,0,168000,0.000812403,0.000356998,-0.0251655,0.0108755,0.0236995,0.353391,0.624549,8.21554,8.84819,8.17476,1,1,1,1,1,1,1,1,1,1,0,0,0,0,0,0,0,129,0,0,0,0,0,0,0,999999,999999,999999,999999,999999,39,1609,138,999999,999999,2042,138,4.132157,105.323586,0.304257,0.0350277,0.0843979,0.0369416,0.018701,8.41215,157.534,127.504,0.505429,-66.0484,1454.4,955.097,-7332.41,-1.89365e+06,6.93482e+06,519217,-14.7873,2.38873,-0.415947,128,0,11,3,0,11,0,3,7.066313;5.037895;2.846395;-2.142497;0.022045;2.064270,91.766022;105.461746;119.064445;117.930977;104.344841;90.707710,0.000000;0.000943;0.001212;0.016562;0.022621;0.058506;0.071230;0.125360;0.224732;0.294818;0.310303;0.379917;0.386852;0.417485;0.419235;0.419235;0.000000,0.000000;0.000623;0.000874;0.016870;0.024196;0.072278;0.089973;0.165411;0.313720;0.419394;0.444804;0.566926;0.580419;0.690241;0.728933;999999.000000;999999.000000,SVM07_npp_d20200131_t1825564_e1827206_b42809_c20200131194956666236_noac_ops.h5,SVM08_npp_d20200131_t1825564_e1827206_b42809_c20200131194956670241_noac_ops.h5,SVM10_npp_d20200131_t1825564_e1827206_b42809_c20200131194956598642_noac_ops.h5,SVM11_npp_d20200131_t1825564_e1827206_b42809_c20200131194956607224_noac_ops.h5,SVM12_npp_d20200131_t1825564_e1827206_b42809_c20200131194956614703_noac_ops.h5,SVM13_npp_d20200131_t1825564_e1827206_b42809_c20200131194956623073_noac_ops.h5,SVM14_npp_d20200131_t1825564_e1827206_b42809_c20200131194956633177_noac_ops.h5,SVM15_npp_d20200131_t1825564_e1827206_b42809_c20200131194956638443_noac_ops.h5,SVM16_npp_d20200131_t1825564_e1827206_b42809_c20200131194956642075_noac_ops.h5,SVDNB_npp_d20200131_t1825564_e1827206_b42809_c20200131194954299442_noac_ops.h5,GDNBO_npp_d20200131_t1825564_e1827206_b42809_c20200131194954287679_noac_ops.h5,GMTCO_npp_d20200131_t1825564_e1827206_b42809_c20200131194906577388_noac_ops.h5,GDNBO_npp_d20200131_t1825564_e1827206_b42809_c20200131194954287679_noac_ops.h5,VICMO_npp_d20200131_t1825564_e1827206_b42809_c20200131195023784543_noac_ops.h5,,,
74,x1051092E_y041455N_l0141_s1578_v30,2020/01/31 14:12:05,4.145479,105.109238,2020/01/31 18:26:10.939,2020-02-01 02:26:10.939,1403,999999,3.28551e-06,0.7215,0.415789,999999,999999,0.576284,1.89338,0,1,442177,0.00397177,0.0172014,0.011098,0.061751,0.0720604,0.387996,0.677669,8.36497,8.96795,8.23842,1,1,1,1,1,1,1,1,1,1,0,0,0,0,0,0,0,0,0,0,0,0,0,0,0,999999,999999,999999,999999,999999,78,1578,141,999999,999999,2010,141,4.145546,105.109238,0.00743166,0.0350277,0.0843979,0.0369416,0.018701,8.41215,157.714,127.783,1.42307,86.3346,1454.4,955.097,-7332.41,-1.89365e+06,6.93482e+06,519217,-14.7873,2.38873,-0.415947,128,0,11,3,0,10,0,3,7.066313;5.037895;2.846395;-2.142497;0.022045;2.064270,91.766022;105.461746;119.064445;117.930977;104.344841;90.707710,0.000000;0.000943;0.001212;0.016562;0.022621;0.058506;0.071230;0.125360;0.224732;0.294818;0.310303;0.379917;0.386852;0.417485;0.419235;0.419235;0.000000,0.000000;0.000623;0.000874;0.016870;0.024196;0.072278;0.089973;0.165411;0.313720;0.419394;0.444804;0.566926;0.580419;0.690241;0.728933;999999.000000;999999.000000,SVM07_npp_d20200131_t1825564_e1827206_b42809_c20200131194956666236_noac_ops.h5,SVM08_npp_d20200131_t1825564_e1827206_b42809_c20200131194956670241_noac_ops.h5,SVM10_npp_d20200131_t1825564_e1827206_b42809_c20200131194956598642_noac_ops.h5,SVM11_npp_d20200131_t1825564_e1827206_b42809_c20200131194956607224_noac_ops.h5,SVM12_npp_d20200131_t1825564_e1827206_b42809_c20200131194956614703_noac_ops.h5,SVM13_npp_d20200131_t1825564_e1827206_b42809_c20200131194956623073_noac_ops.h5,SVM14_npp_d20200131_t1825564_e1827206_b42809_c20200131194956633177_noac_ops.h5,SVM15_npp_d20200131_t1825564_e1827206_b42809_c20200131194956638443_noac_ops.h5,SVM16_npp_d20200131_t1825564_e1827206_b42809_c20200131194956642075_noac_ops.h5,SVDNB_npp_d20200131_t1825564_e1827206_b42809_c20200131194954299442_noac_ops.h5,GDNBO_npp_d20200131_t1825564_e1827206_b42809_c20200131194954287679_noac_ops.h5,GMTCO_npp_d20200131_t1825564_e1827206_b42809_c20200131194906577388_noac_ops.h5,GDNBO_npp_d20200131_t1825564_e1827206_b42809_c20200131194954287679_noac_ops.h5,VICMO_npp_d20200131_t1825564_e1827206_b42809_c20200131195023784543_noac_ops.h5,,,
82,x1186222E_y017331N_l0170_s3188_v30,2020/01/31 14:12:05,1.733063,118.622208,2020/01/31 18:26:14.498,2020-02-01 02:26:14.498,999999,999999,999999,999999,999999,999999,999999,999999,999999,3,0,176128,-5.21332e-06,0.011786,-0.0342314,-0.01391,0.0242822,0.133304,0.201758,3.38297,4.09891,3.71231,1,1,1,1,1,1,1,1,1,1,0,0,0,0,0,0,0,129,129,0,0,0,0,0,0,999999,999999,999999,999999,999999,20,3188,170,999999,999999,4042,172,1.730945,118.618706,0.454917,0.0586187,0.125388,0.0485938,0.0241418,8.41215,145.034,118.558,69.6,-80.4416,1462.03,928.16,-7334.34,-1.88846e+06,6.93818e+06,493121,-14.0392,2.28996,0.72928,128,0,15,131,5,3,0,6,7.066313;5.037895;2.846395;-2.142497;0.022045;2.064270,91.766022;105.461746;119.064445;117.930977;104.344841;90.707710,0.000000;0.000943;0.001212;0.016562;0.022621;0.058506;0.071230;0.125360;0.224732;0.294818;0.310303;0.379917;0.386852;0.417485;0.419235;0.419235;0.000000,0.000000;0.000623;0.000874;0.016870;0.024196;0.072278;0.089973;0.165411;0.313720;0.419394;0.444804;0.566926;0.580419;0.690241;0.728933;999999.000000;999999.000000,SVM07_npp_d20200131_t1825564_e1827206_b42809_c20200131194956666236_noac_ops.h5,SVM08_npp_d20200131_t1825564_e1827206_b42809_c20200131194956670241_noac_ops.h5,SVM10_npp_d20200131_t1825564_e1827206_b42809_c20200131194956598642_noac_ops.h5,SVM11_npp_d20200131_t1825564_e1827206_b42809_c20200131194956607224_noac_ops.h5,SVM12_npp_d20200131_t1825564_e1827206_b42809_c20200131194956614703_noac_ops.h5,SVM13_npp_d20200131_t1825564_e1827206_b42809_c20200131194956623073_noac_ops.h5,SVM14_npp_d20200131_t1825564_e1827206_b42809_c20200131194956633177_noac_ops.h5,SVM15_npp_d20200131_t1825564_e1827206_b42809_c20200131194956638443_noac_ops.h5,SVM16_npp_d20200131_t1825564_e1827206_b42809_c20200131194956642075_noac_ops.h5,SVDNB_npp_d20200131_t1825564_e1827206_b42809_c20200131194954299442_noac_ops.h5,GDNBO_npp_d20200131_t1825564_e1827206_b42809_c20200131194954287679_noac_ops.h5,GMTCO_npp_d20200131_t1825564_e1827206_b42809_c20200131194906577388_noac_ops.h5,GDNBO_npp_d20200131_t1825564_e1827206_b42809_c20200131194954287679_noac_ops.h5,VICMO_npp_d20200131_t1825564_e1827206_b42809_c20200131195023784543_noac_ops.h5,,,
87,x1168751E_y016561N_l0222_s3054_v30,2020/01/31 14:12:05,1.656123,116.875069,2020/01/31 18:26:19.836,2020-02-01 02:26:19.836,999999,999999,999999,999999,999999,999999,999999,999999,999999,999999,0,32768,-5.19462e-06,-0.00286666,0.0503835,0.000439517,0.0260302,0.0271995,0.0423829,1.4863,2.01273,2.07458,1,1,1,1,1,1,1,1,1,1,0,0,0,0,0,0,129,0,0,0,0,0,0,0,0,999999,999999,999999,999999,999999,31,3054,222,999999,999999,3795,228,1.655146,116.873909,0.16855,0.0586187,0.125388,0.0485938,0.0241418,8.41215,146.502,119.842,65.5202,-80.312,1473.4,887.724,-7337.04,-1.88062e+06,6.94302e+06,453964,-17.1355,1.44584,-16.6511,0,0,0,0,0,0,0,0,7.066313;5.037895;2.846395;-2.142497;0.022045;2.064270,91.766022;105.461746;119.064445;117.930977;104.344841;90.707710,0.000000;0.000943;0.001212;0.016562;0.022621;0.058506;0.071230;0.125360;0.224732;0.294818;0.310303;0.379917;0.386852;0.417485;0.419235;0.419235;0.000000,0.000000;0.000623;0.000874;0.016870;0.024196;0.072278;0.089973;0.165411;0.313720;0.419394;0.444804;0.566926;0.580419;0.690241;0.728933;999999.000000;999999.000000,SVM07_npp_d20200131_t1825564_e1827206_b42809_c20200131194956666236_noac_ops.h5,SVM08_npp_d20200131_t1825564_e1827206_b42809_c20200131194956670241_noac_ops.h5,SVM10_npp_d20200131_t1825564_e1827206_b42809_c20200131194956598642_noac_ops.h5,SVM11_npp_d20200131_t1825564_e1827206_b42809_c20200131194956607224_noac_ops.h5,SVM12_npp_d20200131_t1825564_e1827206_b42809_c20200131194956614703_noac_ops.h5,SVM13_npp_d20200131_t1825564_e1827206_b42809_c20200131194956623073_noac_ops.h5,SVM14_npp_d20200131_t1825564_e1827206_b42809_c20200131194956633177_noac_ops.h5,SVM15_npp_d20200131_t1825564_e1827206_b42809_c20200131194956638443_noac_ops.h5,SVM16_npp_d20200131_t1825564_e1827206_b42809_c20200131194956642075_noac_ops.h5,SVDNB_npp_d20200131_t1825564_e1827206_b42809_c20200131194954299442_noac_ops.h5,GDNBO_npp_d20200131_t1825564_e1827206_b42809_c20200131194954287679_noac_ops.h5,GMTCO_npp_d20200131_t1825564_e1827206_b42809_c20200131194906577388_noac_ops.h5,GDNBO_npp_d20200131_t1825564_e1827206_b42809_c20200131194954287679_noac_ops.h5,VICMO_npp_d20200131_t1825564_e1827206_b42809_c20200131195023784543_noac_ops.h5,,,
88,x1176157E_y014385N_l0237_s3120_v30,2020/01/31 14:12:05,1.438466,117.615692,2020/01/31 18:26:21.615,2020-02-01 02:26:21.615,999999,999999,999999,999999,999999,999999,999999,999999,999999,999999,0,163840,2.0904e-06,0.00394292,0.0050541,0.00304852,0.0254475,0.048407,0.0725151,1.89384,2.4469,2.42508,1,1,1,1,1,1,1,1,1,1,0,0,0,0,0,0,0,0,0,0,0,0,0,0,0,999999,999999,999999,999999,999999,33,3120,237,999999,999999,3908,242,1.440189,117.614571,0.228722,0.0586187,0.125388,0.0485938,0.0241418,8.41215,145.745,119.592,67.4687,-80.3844,1477.18,874.238,-7337.89,-1.878e+06,6.94459e+06,440909,-17.2533,1.13382,-19.1601,128,0,0,0,0,0,0,0,7.066313;5.037895;2.846395;-2.142497;0.022045;2.064270,91.766022;105.461746;119.064445;117.930977;104.344841;90.707710,0.000000;0.000943;0.001212;0.016562;0.022621;0.058506;0.071230;0.125360;0.224732;0.294818;0.310303;0.379917;0.386852;0.417485;0.419235;0.419235;0.000000,0.000000;0.000623;0.000874;0.016870;0.024196;0.072278;0.089973;0.165411;0.313720;0.419394;0.444804;0.566926;0.580419;0.690241;0.728933;999999.000000;999999.000000,SVM07_npp_d20200131_t1825564_e1827206_b42809_c20200131194956666236_noac_ops.h5,SVM08_npp_d20200131_t1825564_e1827206_b42809_c20200131194956670241_noac_ops.h5,SVM10_npp_d20200131_t1825564_e1827206_b42809_c20200131194956598642_noac_ops.h5,SVM11_npp_d20200131_t1825564_e1827206_b42809_c20200131194956607224_noac_ops.h5,SVM12_npp_d20200131_t1825564_e1827206_b42809_c20200131194956614703_noac_ops.h5,SVM13_npp_d20200131_t1825564_e1827206_b42809_c20200131194956623073_noac_ops.h5,SVM14_npp_d20200131_t1825564_e1827206_b42809_c20200131194956633177_noac_ops.h5,SVM15_npp_d20200131_t1825564_e1827206_b42809_c20200131194956638443_noac_ops.h5,SVM16_npp_d20200131_t1825564_e1827206_b42809_c20200131194956642075_noac_ops.h5,SVDNB_npp_d20200131_t1825564_e1827206_b42809_c20200131194954299442_noac_ops.h5,GDNBO_npp_d20200131_t1825564_e1827206_b42809_c20200131194954287679_noac_ops.h5,GMTCO_npp_d20200131_t1825564_e1827206_b42809_c20200131194906577388_noac_ops.h5,GDNBO_npp_d20200131_t1825564_e1827206_b42809_c20200131194954287679_noac_ops.h5,VICMO_npp_d20200131_t1825564_e1827206_b42809_c20200131195023784543_noac_ops.h5,,,
89,x1158857E_y016429N_l0259_s2962_v30,2020/01/31 14:12:05,1.642867,115.885742,2020/01/31 18:26:25.173,2020-02-01 02:26:25.173,999999,999999,999999,999999,999999,999999,999999,999999,999999,999999,0,2305,-1.54805e-06,-0.0292608,-0.0342314,0.048706,0.00621973,0.100921,0.180523,3.59033,4.34544,4.09736,1,1,1,1,1,1,1,1,1,1,0,0,0,0,0,0,129,129,0,0,0,0,0,0,0,999999,999999,999999,999999,999999,68,2962,259,999999,999999,3655,254,1.642223,115.885033,0.106555,0.0586187,0.125388,0.0485938,0.0241418,8.41215,147.331,120.578,62.9256,-81.0957,1484.7,847.253,-7339.51,-1.87273e+06,6.94765e+06,414794,-15.5382,1.36237,-14.3313,128,0,0,0,0,0,0,0,7.066313;5.037895;2.846395;-2.142497;0.022045;2.064270,91.766022;105.461746;119.064445;117.930977;104.344841;90.707710,0.000000;0.000943;0.001212;0.016562;0.022621;0.058506;0.071230;0.125360;0.224732;0.294818;0.310303;0.379917;0.386852;0.417485;0.419235;0.419235;0.000000,0.000000;0.000623;0.000874;0.016870;0.024196;0.072278;0.089973;0.165411;0.313720;0.419394;0.444804;0.566926;0.580419;0.690241;0.728933;999999.000000;999999.000000,SVM07_npp_d20200131_t1825564_e1827206_b42809_c20200131194956666236_noac_ops.h5,SVM08_npp_d20200131_t1825564_e1827206_b42809_c20200131194956670241_noac_ops.h5,SVM10_npp_d20200131_t1825564_e1827206_b42809_c20200131194956598642_noac_ops.h5,SVM11_npp_d20200131_t1825564_e1827206_b42809_c20200131194956607224_noac_ops.h5,SVM12_npp_d20200131_t1825564_e1827206_b42809_c20200131194956614703_noac_ops.h5,SVM13_npp_d20200131_t1825564_e1827206_b42809_c20200131194956623073_noac_ops.h5,SVM14_npp_d20200131_t1825564_e1827206_b42809_c20200131194956633177_noac_ops.h5,SVM15_npp_d20200131_t1825564_e1827206_b42809_c20200131194956638443_noac_ops.h5,SVM16_npp_d20200131_t1825564_e1827206_b42809_c20200131194956642075_noac_ops.h5,SVDNB_npp_d20200131_t1825564_e1827206_b42809_c20200131194954299442_noac_ops.h5,GDNBO_npp_d20200131_t1825564_e1827206_b42809_c20200131194954287679_noac_ops.h5,GMTCO_npp_d20200131_t1825564_e1827206_b42809_c20200131194906577388_noac_ops.h5,GDNBO_npp_d20200131_t1825564_e1827206_b42809_c20200131194954287679_noac_ops.h5,VICMO_npp_d20200131_t1825564_e1827206_b42809_c20200131195023784543_noac_ops.h5,,,
91,x1149082E_y016810N_l0269_s2850_v30,2020/01/31 14:12:05,1.680955,114.908234,2020/01/31 18:26:25.173,2020-02-01 02:26:25.173,999999,999999,999999,999999,999999,999999,999999,999999,999999,3,0,163840,1.40971e-06,0.00366097,0.01412,-0.019128,0.0242822,0.0982951,0.177776,3.76414,4.54243,4.31477,1,1,1,1,1,1,1,1,1,1,0,0,0,0,0,0,0,0,129,0,0,0,0,0,0,999999,999999,999999,999999,999999,16,2850,269,999999,999999,3512,272,1.681354,114.907890,0.0585346,0.0586187,0.125388,0.0485938,0.0241418,8.41215,148.188,121.295,59.9539,-80.4739,1484.7,847.253,-7339.51,-1.87273e+06,6.94765e+06,414794,-15.5382,1.36237,-14.3313,128,0,14,129,1,3,0,6,7.066313;5.037895;2.846395;-2.142497;0.022045;2.064270,91.766022;105.461746;119.064445;117.930977;104.344841;90.707710,0.000000;0.000943;0.001212;0.016562;0.022621;0.058506;0.071230;0.125360;0.224732;0.294818;0.310303;0.379917;0.386852;0.417485;0.419235;0.419235;0.000000,0.000000;0.000623;0.000874;0.016870;0.024196;0.072278;0.089973;0.165411;0.313720;0.419394;0.444804;0.566926;0.580419;0.690241;0.728933;999999.000000;999999.000000,SVM07_npp_d20200131_t1825564_e1827206_b42809_c20200131194956666236_noac_ops.h5,SVM08_npp_d20200131_t1825564_e1827206_b42809_c20200131194956670241_noac_ops.h5,SVM10_npp_d20200131_t1825564_e1827206_b42809_c20200131194956598642_noac_ops.h5,SVM11_npp_d20200131_t1825564_e1827206_b42809_c20200131194956607224_noac_ops.h5,SVM12_npp_d20200131_t1825564_e1827206_b42809_c20200131194956614703_noac_ops.h5,SVM13_npp_d20200131_t1825564_e1827206_b42809_c20200131194956623073_noac_ops.h5,SVM14_npp_d20200131_t1825564_e1827206_b42809_c20200131194956633177_noac_ops.h5,SVM15_npp_d20200131_t1825564_e1827206_b42809_c20200131194956638443_noac_ops.h5,SVM16_npp_d20200131_t1825564_e1827206_b42809_c20200131194956642075_noac_ops.h5,SVDNB_npp_d20200131_t1825564_e1827206_b42809_c20200131194954299442_noac_ops.h5,GDNBO_npp_d20200131_t1825564_e1827206_b42809_c20200131194954287679_noac_ops.h5,GMTCO_npp_d20200131_t1825564_e1827206_b42809_c20200131194906577388_noac_ops.h5,GDNBO_npp_d20200131_t1825564_e1827206_b42809_c20200131194954287679_noac_ops.h5,VICMO_npp_d20200131_t1825564_e1827206_b42809_c20200131195023784543_noac_ops.h5,,,
95,x1137946E_y011191N_l0387_s2721_v30,2020/01/31 14:12:05,1.119090,113.794601,2020/01/31 18:26:39.408,2020-02-01 01:26:39.408,999999,999999,999999,999999,999999,999999,999999,999999,999999,999999,0,2305,4.37399e-06,0.00856405,0.0322517,0.0500105,-0.00543348,0.116204,0.214421,4.36586,5.19544,4.94467,1,1,1,1,1,1,1,1,1,1,0,0,0,0,0,0,0,0,0,0,0,0,0,0,0,999999,999999,999999,999999,999999,69,2721,387,999999,999999,3371,383,1.118993,113.794052,0.0619829,0.0586187,0.125388,0.0485938,0.0241418,8.41215,148.782,122.959,56.6986,-81.3047,1514.46,739.17,-7345.03,-1.85138e+06,6.95894e+06,310282,-12.7789,3.47945,0.50832,128,0,0,0,0,0,0,0,7.066313;5.037895;2.846395;-2.142497;0.022045;2.064270,91.766022;105.461746;119.064445;117.930977;104.344841;90.707710,0.000000;0.000943;0.001212;0.016562;0.022621;0.058506;0.071230;0.125360;0.224732;0.294818;0.310303;0.379917;0.386852;0.417485;0.419235;0.419235;0.000000,0.000000;0.000623;0.000874;0.016870;0.024196;0.072278;0.089973;0.165411;0.313720;0.419394;0.444804;0.566926;0.580419;0.690241;0.728933;999999.000000;999999.000000,SVM07_npp_d20200131_t1825564_e1827206_b42809_c20200131194956666236_noac_ops.h5,SVM08_npp_d20200131_t1825564_e1827206_b42809_c20200131194956670241_noac_ops.h5,SVM10_npp_d20200131_t1825564_e1827206_b42809_c20200131194956598642_noac_ops.h5,SVM11_npp_d20200131_t1825564_e1827206_b42809_c20200131194956607224_noac_ops.h5,SVM12_npp_d20200131_t1825564_e1827206_b42809_c20200131194956614703_noac_ops.h5,SVM13_npp_d20200131_t1825564_e1827206_b42809_c20200131194956623073_noac_ops.h5,SVM14_npp_d20200131_t1825564_e1827206_b42809_c20200131194956633177_noac_ops.h5,SVM15_npp_d20200131_t1825564_e1827206_b42809_c20200131194956638443_noac_ops.h5,SVM16_npp_d20200131_t1825564_e1827206_b42809_c20200131194956642075_noac_ops.h5,SVDNB_npp_d20200131_t1825564_e1827206_b42809_c20200131194954299442_noac_ops.h5,GDNBO_npp_d20200131_t1825564_e1827206_b42809_c20200131194954287679_noac_ops.h5,GMTCO_npp_d20200131_t1825564_e1827206_b42809_c20200131194906577388_noac_ops.h5,GDNBO_npp_d20200131_t1825564_e1827206_b42809_c20200131194954287679_noac_ops.h5,VICMO_npp_d20200131_t1825564_e1827206_b42809_c20200131195023784543_noac_ops.h5,,,
97,x1154472E_y005722N_l0425_s2940_v30,2020/01/31 14:12:05,0.572221,115.447174,2020/01/31 18:26:42.966,2020-02-01 02:26:42.966,999999,999999,999999,999999,999999,999999,999999,999999,999999,3,0,2305,-4.51483e-06,-0.00106304,0.0292298,0.0526195,0.00505441,0.0952654,0.167984,3.77493,4.65751,4.49934,1,1,1,1,1,1,1,1,1,1,0,0,0,0,0,0,129,0,0,0,0,0,0,0,0,999999,999999,999999,999999,999999,71,2940,425,999999,999999,3626,425,0.574340,115.448860,0.301283,0.0586187,0.125388,0.0485938,0.0241418,8.41215,147.083,122.284,62.3426,-80.909,1521.81,712.114,-7346.16,-1.84598e+06,6.96152e+06,284142,-10.8302,6.66751,13.0153,128,0,14,129,1,3,0,7,7.066313;5.037895;2.846395;-2.142497;0.022045;2.064270,91.766022;105.461746;119.064445;117.930977;104.344841;90.707710,0.000000;0.000943;0.001212;0.016562;0.022621;0.058506;0.071230;0.125360;0.224732;0.294818;0.310303;0.379917;0.386852;0.417485;0.419235;0.419235;0.000000,0.000000;0.000623;0.000874;0.016870;0.024196;0.072278;0.089973;0.165411;0.313720;0.419394;0.444804;0.566926;0.580419;0.690241;0.728933;999999.000000;999999.000000,SVM07_npp_d20200131_t1825564_e1827206_b42809_c20200131194956666236_noac_ops.h5,SVM08_npp_d20200131_t1825564_e1827206_b42809_c20200131194956670241_noac_ops.h5,SVM10_npp_d20200131_t1825564_e1827206_b42809_c20200131194956598642_noac_ops.h5,SVM11_npp_d20200131_t1825564_e1827206_b42809_c20200131194956607224_noac_ops.h5,SVM12_npp_d20200131_t1825564_e1827206_b42809_c20200131194956614703_noac_ops.h5,SVM13_npp_d20200131_t1825564_e1827206_b42809_c20200131194956623073_noac_ops.h5,SVM14_npp_d20200131_t1825564_e1827206_b42809_c20200131194956633177_noac_ops.h5,SVM15_npp_d20200131_t1825564_e1827206_b42809_c20200131194956638443_noac_ops.h5,SVM16_npp_d20200131_t1825564_e1827206_b42809_c20200131194956642075_noac_ops.h5,SVDNB_npp_d20200131_t1825564_e1827206_b42809_c20200131194954299442_noac_ops.h5,GDNBO_npp_d20200131_t1825564_e1827206_b42809_c20200131194954287679_noac_ops.h5,GMTCO_npp_d20200131_t1825564_e1827206_b42809_c20200131194906577388_noac_ops.h5,GDNBO_npp_d20200131_t1825564_e1827206_b42809_c20200131194954287679_noac_ops.h5,VICMO_npp_d20200131_t1825564_e1827206_b42809_c20200131195023784543_noac_ops.h5,,,
99,x1123090E_y009316N_l0450_s2525_v30,2020/01/31 14:12:05,0.931626,112.309036,2020/01/31 18:26:46.525,2020-02-01 01:26:46.525,999999,999999,999999,999999,999999,999999,999999,999999,999999,999999,0,32768,4.21262e-06,0.00360614,-0.0130777,-0.00869199,0.0213689,0.235168,0.40956,5.7555,6.44371,5.87733,1,1,1,1,1,1,1,1,1,1,0,0,0,0,0,0,0,129,129,0,0,0,0,0,0,999999,999999,999999,999999,999999,24,2525,450,999999,999999,3162,447,0.928554,112.310150,0.363761,0.0423988,0.097534,0.0405668,0.020273,8.41215,149.888,124.56,51.1554,-81.4816,1529.13,685.046,-7347.19,-1.84055e+06,6.96401e+06,257999,-11.3917,6.52509,19.0289,128,0,0,0,0,0,0,0,7.066313;5.037895;2.846395;-2.142497;0.022045;2.064270,91.766022;105.461746;119.064445;117.930977;104.344841;90.707710,0.000000;0.000943;0.001212;0.016562;0.022621;0.058506;0.071230;0.125360;0.224732;0.294818;0.310303;0.379917;0.386852;0.417485;0.419235;0.419235;0.000000,0.000000;0.000623;0.000874;0.016870;0.024196;0.072278;0.089973;0.165411;0.313720;0.419394;0.444804;0.566926;0.580419;0.690241;0.728933;999999.000000;999999.000000,SVM07_npp_d20200131_t1825564_e1827206_b42809_c20200131194956666236_noac_ops.h5,SVM08_npp_d20200131_t1825564_e1827206_b42809_c20200131194956670241_noac_ops.h5,SVM10_npp_d20200131_t1825564_e1827206_b42809_c20200131194956598642_noac_ops.h5,SVM11_npp_d20200131_t1825564_e1827206_b42809_c20200131194956607224_noac_ops.h5,SVM12_npp_d20200131_t1825564_e1827206_b42809_c20200131194956614703_noac_ops.h5,SVM13_npp_d20200131_t1825564_e1827206_b42809_c20200131194956623073_noac_ops.h5,SVM14_npp_d20200131_t1825564_e1827206_b42809_c20200131194956633177_noac_ops.h5,SVM15_npp_d20200131_t1825564_e1827206_b42809_c20200131194956638443_noac_ops.h5,SVM16_npp_d20200131_t1825564_e1827206_b42809_c20200131194956642075_noac_ops.h5,SVDNB_npp_d20200131_t1825564_e1827206_b42809_c20200131194954299442_noac_ops.h5,GDNBO_npp_d20200131_t1825564_e1827206_b42809_c20200131194954287679_noac_ops.h5,GMTCO_npp_d20200131_t1825564_e1827206_b42809_c20200131194906577388_noac_ops.h5,GDNBO_npp_d20200131_t1825564_e1827206_b42809_c20200131194954287679_noac_ops.h5,VICMO_npp_d20200131_t1825564_e1827206_b42809_c20200131195023784543_noac_ops.h5,,,
100,x1139932E_y006596N_l0451_s2763_v30,2020/01/31 14:12:05,0.659599,113.993164,2020/01/31 18:26:46.525,2020-02-01 02:26:46.525,999999,999999,999999,999999,999999,999999,999999,999999,999999,999999,0,2305,9.24406e-06,0.0242646,-0.0312094,0.0500105,0.00621973,0.0762797,0.160149,4.28356,5.18451,5.07573,1,1,1,1,1,1,1,1,1,1,0,0,0,0,0,0,0,129,0,0,0,0,0,0,0,999999,999999,999999,999999,999999,69,2763,451,999999,999999,3414,447,0.659075,113.991562,0.187374,0.0586187,0.125388,0.0485938,0.0241418,8.41215,148.34,123.388,57.7452,-81.3593,1529.13,685.046,-7347.19,-1.84055e+06,6.96401e+06,257999,-11.3917,6.52509,19.0289,128,0,0,0,0,0,0,0,7.066313;5.037895;2.846395;-2.142497;0.022045;2.064270,91.766022;105.461746;119.064445;117.930977;104.344841;90.707710,0.000000;0.000943;0.001212;0.016562;0.022621;0.058506;0.071230;0.125360;0.224732;0.294818;0.310303;0.379917;0.386852;0.417485;0.419235;0.419235;0.000000,0.000000;0.000623;0.000874;0.016870;0.024196;0.072278;0.089973;0.165411;0.313720;0.419394;0.444804;0.566926;0.580419;0.690241;0.728933;999999.000000;999999.000000,SVM07_npp_d20200131_t1825564_e1827206_b42809_c20200131194956666236_noac_ops.h5,SVM08_npp_d20200131_t1825564_e1827206_b42809_c20200131194956670241_noac_ops.h5,SVM10_npp_d20200131_t1825564_e1827206_b42809_c20200131194956598642_noac_ops.h5,SVM11_npp_d20200131_t1825564_e1827206_b42809_c20200131194956607224_noac_ops.h5,SVM12_npp_d20200131_t1825564_e1827206_b42809_c20200131194956614703_noac_ops.h5,SVM13_npp_d20200131_t1825564_e1827206_b42809_c20200131194956623073_noac_ops.h5,SVM14_npp_d20200131_t1825564_e1827206_b42809_c20200131194956633177_noac_ops.h5,SVM15_npp_d20200131_t1825564_e1827206_b42809_c20200131194956638443_noac_ops.h5,SVM16_npp_d20200131_t1825564_e1827206_b42809_c20200131194956642075_noac_ops.h5,SVDNB_npp_d20200131_t1825564_e1827206_b42809_c20200131194954299442_noac_ops.h5,GDNBO_npp_d20200131_t1825564_e1827206_b42809_c20200131194954287679_noac_ops.h5,GMTCO_npp_d20200131_t1825564_e1827206_b42809_c20200131194906577388_noac_ops.h5,GDNBO_npp_d20200131_t1825564_e1827206_b42809_c20200131194954287679_noac_ops.h5,VICMO_npp_d20200131_t1825564_e1827206_b42809_c20200131195023784543_noac_ops.h5,,,
104,x1150037E_y000169N_l0520_s2905_v30,2020/01/31 14:12:05,0.016895,115.003731,2020/01/31 18:26:53.642,2020-02-01 02:26:53.642,999999,999999,999999,999999,999999,999999,999999,999999,999999,3,0,2305,1.30637e-05,-0.0148583,-0.000989825,0.0500105,0.0021411,0.0588424,0.126708,3.7989,4.77063,4.71202,1,1,1,1,1,1,1,1,1,1,0,0,0,0,0,0,129,0,0,0,0,0,0,0,0,999999,999999,999999,999999,999999,69,2905,520,999999,999999,3580,520,0.014157,115.002808,0.32168,0.0586187,0.125388,0.0485938,0.0241418,8.41215,147.118,123.338,61.4052,-81.0952,1543.66,630.871,-7348.95,-1.82962e+06,6.96869e+06,205702,-14.863,3.35776,3.11696,128,0,14,1,1,3,0,5,7.066313;5.037895;2.846395;-2.142497;0.022045;2.064270,91.766022;105.461746;119.064445;117.930977;104.344841;90.707710,0.000000;0.000943;0.001212;0.016562;0.022621;0.058506;0.071230;0.125360;0.224732;0.294818;0.310303;0.379917;0.386852;0.417485;0.419235;0.419235;0.000000,0.000000;0.000623;0.000874;0.016870;0.024196;0.072278;0.089973;0.165411;0.313720;0.419394;0.444804;0.566926;0.580419;0.690241;0.728933;999999.000000;999999.000000,SVM07_npp_d20200131_t1825564_e1827206_b42809_c20200131194956666236_noac_ops.h5,SVM08_npp_d20200131_t1825564_e1827206_b42809_c20200131194956670241_noac_ops.h5,SVM10_npp_d20200131_t1825564_e1827206_b42809_c20200131194956598642_noac_ops.h5,SVM11_npp_d20200131_t1825564_e1827206_b42809_c20200131194956607224_noac_ops.h5,SVM12_npp_d20200131_t1825564_e1827206_b42809_c20200131194956614703_noac_ops.h5,SVM13_npp_d20200131_t1825564_e1827206_b42809_c20200131194956623073_noac_ops.h5,SVM14_npp_d20200131_t1825564_e1827206_b42809_c20200131194956633177_noac_ops.h5,SVM15_npp_d20200131_t1825564_e1827206_b42809_c20200131194956638443_noac_ops.h5,SVM16_npp_d20200131_t1825564_e1827206_b42809_c20200131194956642075_noac_ops.h5,SVDNB_npp_d20200131_t1825564_e1827206_b42809_c20200131194954299442_noac_ops.h5,GDNBO_npp_d20200131_t1825564_e1827206_b42809_c20200131194954287679_noac_ops.h5,GMTCO_npp_d20200131_t1825564_e1827206_b42809_c20200131194906577388_noac_ops.h5,GDNBO_npp_d20200131_t1825564_e1827206_b42809_c20200131194954287679_noac_ops.h5,VICMO_npp_d20200131_t1825564_e1827206_b42809_c20200131195023784543_noac_ops.h5,,,
105,x1158829E_y001864S_l0525_s3001_v30,2020/01/31 14:12:05,-0.186362,115.882927,2020/01/31 18:26:53.642,2020-02-01 02:26:53.642,999999,999999,999999,999999,999999,999999,999999,999999,999999,3,0,163840,7.58418e-06,-0.0125461,0.00807606,-0.0204325,0.0260302,0.053389,0.111783,3.47886,4.38445,4.32493,1,1,1,1,1,1,1,1,1,1,0,0,0,0,0,0,129,0,129,0,0,0,0,0,0,999999,999999,999999,999999,999999,15,3001,525,999999,999999,3713,530,-0.189451,115.882942,0.343947,0.0586187,0.125388,0.0485938,0.0241418,8.41215,146.27,122.865,64.0197,-80.7813,1543.66,630.871,-7348.95,-1.82962e+06,6.96869e+06,205702,-14.863,3.35776,3.11696,128,0,14,129,1,3,0,7,7.066313;5.037895;2.846395;-2.142497;0.022045;2.064270,91.766022;105.461746;119.064445;117.930977;104.344841;90.707710,0.000000;0.000943;0.001212;0.016562;0.022621;0.058506;0.071230;0.125360;0.224732;0.294818;0.310303;0.379917;0.386852;0.417485;0.419235;0.419235;0.000000,0.000000;0.000623;0.000874;0.016870;0.024196;0.072278;0.089973;0.165411;0.313720;0.419394;0.444804;0.566926;0.580419;0.690241;0.728933;999999.000000;999999.000000,SVM07_npp_d20200131_t1825564_e1827206_b42809_c20200131194956666236_noac_ops.h5,SVM08_npp_d20200131_t1825564_e1827206_b42809_c20200131194956670241_noac_ops.h5,SVM10_npp_d20200131_t1825564_e1827206_b42809_c20200131194956598642_noac_ops.h5,SVM11_npp_d20200131_t1825564_e1827206_b42809_c20200131194956607224_noac_ops.h5,SVM12_npp_d20200131_t1825564_e1827206_b42809_c20200131194956614703_noac_ops.h5,SVM13_npp_d20200131_t1825564_e1827206_b42809_c20200131194956623073_noac_ops.h5,SVM14_npp_d20200131_t1825564_e1827206_b42809_c20200131194956633177_noac_ops.h5,SVM15_npp_d20200131_t1825564_e1827206_b42809_c20200131194956638443_noac_ops.h5,SVM16_npp_d20200131_t1825564_e1827206_b42809_c20200131194956642075_noac_ops.h5,SVDNB_npp_d20200131_t1825564_e1827206_b42809_c20200131194954299442_noac_ops.h5,GDNBO_npp_d20200131_t1825564_e1827206_b42809_c20200131194954287679_noac_ops.h5,GMTCO_npp_d20200131_t1825564_e1827206_b42809_c20200131194906577388_noac_ops.h5,GDNBO_npp_d20200131_t1825564_e1827206_b42809_c20200131194954287679_noac_ops.h5,VICMO_npp_d20200131_t1825564_e1827206_b42809_c20200131195023784543_noac_ops.h5,,,
106,x1175926E_y004633S_l0525_s3151_v30,2020/01/31 14:12:05,-0.463337,117.592621,2020/01/31 18:26:53.642,2020-02-01 02:26:53.642,999999,999999,999999,999999,999999,999999,999999,999999,999999,999999,0,176128,0.000397626,-0.012546,0.00807606,0.00696202,0.0260302,0.15909,0.259482,4.30913,5.21338,4.76654,1,1,1,1,1,1,1,1,1,1,0,0,0,0,0,0,129,0,0,0,0,0,0,0,0,999999,999999,999999,999999,999999,36,3151,525,999999,999999,3968,531,-0.466140,117.594933,0.404188,0.0586187,0.125388,0.0485938,0.0241418,8.41215,144.678,121.865,68.4303,-80.8033,1543.66,630.871,-7348.95,-1.82962e+06,6.96869e+06,205702,-14.863,3.35776,3.11696,128,0,0,0,0,0,0,0,7.066313;5.037895;2.846395;-2.142497;0.022045;2.064270,91.766022;105.461746;119.064445;117.930977;104.344841;90.707710,0.000000;0.000943;0.001212;0.016562;0.022621;0.058506;0.071230;0.125360;0.224732;0.294818;0.310303;0.379917;0.386852;0.417485;0.419235;0.419235;0.000000,0.000000;0.000623;0.000874;0.016870;0.024196;0.072278;0.089973;0.165411;0.313720;0.419394;0.444804;0.566926;0.580419;0.690241;0.728933;999999.000000;999999.000000,SVM07_npp_d20200131_t1825564_e1827206_b42809_c20200131194956666236_noac_ops.h5,SVM08_npp_d20200131_t1825564_e1827206_b42809_c20200131194956670241_noac_ops.h5,SVM10_npp_d20200131_t1825564_e1827206_b42809_c20200131194956598642_noac_ops.h5,SVM11_npp_d20200131_t1825564_e1827206_b42809_c20200131194956607224_noac_ops.h5,SVM12_npp_d20200131_t1825564_e1827206_b42809_c20200131194956614703_noac_ops.h5,SVM13_npp_d20200131_t1825564_e1827206_b42809_c20200131194956623073_noac_ops.h5,SVM14_npp_d20200131_t1825564_e1827206_b42809_c20200131194956633177_noac_ops.h5,SVM15_npp_d20200131_t1825564_e1827206_b42809_c20200131194956638443_noac_ops.h5,SVM16_npp_d20200131_t1825564_e1827206_b42809_c20200131194956642075_noac_ops.h5,SVDNB_npp_d20200131_t1825564_e1827206_b42809_c20200131194954299442_noac_ops.h5,GDNBO_npp_d20200131_t1825564_e1827206_b42809_c20200131194954287679_noac_ops.h5,GMTCO_npp_d20200131_t1825564_e1827206_b42809_c20200131194906577388_noac_ops.h5,GDNBO_npp_d20200131_t1825564_e1827206_b42809_c20200131194954287679_noac_ops.h5,VICMO_npp_d20200131_t1825564_e1827206_b42809_c20200131195023784543_noac_ops.h5,,,
154,x1131196E_y011310S_l0733_s2695_v30,2020/01/31 14:12:05,-1.130983,113.119637,2020/01/31 18:27:16.772,2020-02-01 01:27:16.772,999999,999999,999999,999999,999999,999999,999999,999999,999999,3,0,163840,8.80684e-07,0.00256035,-0.000989825,-0.019128,0.0248649,0.108865,0.188134,3.90198,4.76868,4.52203,1,1,1,1,1,1,1,1,1,1,0,0,0,0,0,0,0,0,129,0,0,0,0,0,0,999999,999999,999999,999999,999999,16,2695,733,999999,999999,3346,736,-1.134225,113.117760,0.416807,0.0586187,0.125388,0.0485938,0.0241418,8.41215,147.928,126.441,56.0612,-80.962,1589.92,454.488,-7351.94,-1.79337e+06,6.98125e+06,35674.7,-16.131,-1.09637,-5.46476,0,0,14,129,1,3,0,6,7.066313;5.037895;2.846395;-2.142497;0.022045;2.064270,91.766022;105.461746;119.064445;117.930977;104.344841;90.707710,0.000000;0.000943;0.001212;0.016562;0.022621;0.058506;0.071230;0.125360;0.224732;0.294818;0.310303;0.379917;0.386852;0.417485;0.419235;0.419235;0.000000,0.000000;0.000623;0.000874;0.016870;0.024196;0.072278;0.089973;0.165411;0.313720;0.419394;0.444804;0.566926;0.580419;0.690241;0.728933;999999.000000;999999.000000,SVM07_npp_d20200131_t1825564_e1827206_b42809_c20200131194956666236_noac_ops.h5,SVM08_npp_d20200131_t1825564_e1827206_b42809_c20200131194956670241_noac_ops.h5,SVM10_npp_d20200131_t1825564_e1827206_b42809_c20200131194956598642_noac_ops.h5,SVM11_npp_d20200131_t1825564_e1827206_b42809_c20200131194956607224_noac_ops.h5,SVM12_npp_d20200131_t1825564_e1827206_b42809_c20200131194956614703_noac_ops.h5,SVM13_npp_d20200131_t1825564_e1827206_b42809_c20200131194956623073_noac_ops.h5,SVM14_npp_d20200131_t1825564_e1827206_b42809_c20200131194956633177_noac_ops.h5,SVM15_npp_d20200131_t1825564_e1827206_b42809_c20200131194956638443_noac_ops.h5,SVM16_npp_d20200131_t1825564_e1827206_b42809_c20200131194956642075_noac_ops.h5,SVDNB_npp_d20200131_t1825564_e1827206_b42809_c20200131194954299442_noac_ops.h5,GDNBO_npp_d20200131_t1825564_e1827206_b42809_c20200131194954287679_noac_ops.h5,GMTCO_npp_d20200131_t1825564_e1827206_b42809_c20200131194906577388_noac_ops.h5,GDNBO_npp_d20200131_t1825564_e1827206_b42809_c20200131194954287679_noac_ops.h5,VICMO_npp_d20200131_t1825564_e1827206_b42809_c20200131195023784543_noac_ops.h5,,,
155,x1140875E_y013903S_l0749_s2833_v30,2020/01/31 14:12:05,-1.390338,114.087509,2020/01/31 18:27:18.551,2020-02-01 01:27:18.551,999999,999999,999999,999999,999999,999999,999999,999999,999999,3,0,163840,5.54871e-06,-0.0100372,-0.0523631,-0.0204325,0.0242822,0.0411358,0.0949254,3.34461,4.29512,4.30157,1,1,1,1,1,1,1,1,1,1,0,0,0,0,0,0,129,129,129,0,0,0,0,0,0,999999,999999,999999,999999,999999,15,2833,749,999999,999999,3493,752,-1.390524,114.090828,0.369303,0.0586187,0.125388,0.0485938,0.0241418,8.41215,146.988,125.847,59.5299,-81.0166,1593.42,440.903,-7351.99,-1.79054e+06,6.98204e+06,22593.6,-15.6784,-0.76371,-2.63317,128,0,14,1,1,3,0,5,7.066313;5.037895;2.846395;-2.142497;0.022045;2.064270,91.766022;105.461746;119.064445;117.930977;104.344841;90.707710,0.000000;0.000943;0.001212;0.016562;0.022621;0.058506;0.071230;0.125360;0.224732;0.294818;0.310303;0.379917;0.386852;0.417485;0.419235;0.419235;0.000000,0.000000;0.000623;0.000874;0.016870;0.024196;0.072278;0.089973;0.165411;0.313720;0.419394;0.444804;0.566926;0.580419;0.690241;0.728933;999999.000000;999999.000000,SVM07_npp_d20200131_t1825564_e1827206_b42809_c20200131194956666236_noac_ops.h5,SVM08_npp_d20200131_t1825564_e1827206_b42809_c20200131194956670241_noac_ops.h5,SVM10_npp_d20200131_t1825564_e1827206_b42809_c20200131194956598642_noac_ops.h5,SVM11_npp_d20200131_t1825564_e1827206_b42809_c20200131194956607224_noac_ops.h5,SVM12_npp_d20200131_t1825564_e1827206_b42809_c20200131194956614703_noac_ops.h5,SVM13_npp_d20200131_t1825564_e1827206_b42809_c20200131194956623073_noac_ops.h5,SVM14_npp_d20200131_t1825564_e1827206_b42809_c20200131194956633177_noac_ops.h5,SVM15_npp_d20200131_t1825564_e1827206_b42809_c20200131194956638443_noac_ops.h5,SVM16_npp_d20200131_t1825564_e1827206_b42809_c20200131194956642075_noac_ops.h5,SVDNB_npp_d20200131_t1825564_e1827206_b42809_c20200131194954299442_noac_ops.h5,GDNBO_npp_d20200131_t1825564_e1827206_b42809_c20200131194954287679_noac_ops.h5,GMTCO_npp_d20200131_t1825564_e1827206_b42809_c20200131194906577388_noac_ops.h5,GDNBO_npp_d20200131_t1825564_e1827206_b42809_c20200131194954287679_noac_ops.h5,VICMO_npp_d20200131_t1825564_e1827206_b42809_c20200131195023784543_noac_ops.h5,,,
157,x1166761E_y019027S_l0765_s3105_v30,2020/01/31 14:12:05,-1.902705,116.676147,2020/01/31 18:27:20.331,2020-02-01 02:27:20.331,999999,999999,999999,999999,999999,999999,999999,999999,999999,999999,0,163840,999999,0.0201181,0.00203213,0.00957102,0.0248649,0.215037,0.354428,5.56172,6.53382,5.9454,1,1,1,1,1,1,1,1,1,1,0,0,0,0,0,0,0,0,0,0,0,0,0,0,0,999999,999999,999999,999999,999999,38,3105,765,999999,999999,999999,999999,999999.000000,999999.000000,999999,0.0586187,0.125388,0.0485938,0.0241418,8.41215,144.568,124.199,67.03,-81.1332,1596.91,427.314,-7352.02,-1.7877e+06,6.98282e+06,9512.47,-15.6511,0.0309506,-0.309991,0,0,0,0,0,0,0,0,7.066313;5.037895;2.846395;-2.142497;0.022045;2.064270,91.766022;105.461746;119.064445;117.930977;104.344841;90.707710,0.000000;0.000943;0.001212;0.016562;0.022621;0.058506;0.071230;0.125360;0.224732;0.294818;0.310303;0.379917;0.386852;0.417485;0.419235;0.419235;0.000000,0.000000;0.000623;0.000874;0.016870;0.024196;0.072278;0.089973;0.165411;0.313720;0.419394;0.444804;0.566926;0.580419;0.690241;0.728933;999999.000000;999999.000000,SVM07_npp_d20200131_t1825564_e1827206_b42809_c20200131194956666236_noac_ops.h5,SVM08_npp_d20200131_t1825564_e1827206_b42809_c20200131194956670241_noac_ops.h5,SVM10_npp_d20200131_t1825564_e1827206_b42809_c20200131194956598642_noac_ops.h5,SVM11_npp_d20200131_t1825564_e1827206_b42809_c20200131194956607224_noac_ops.h5,SVM12_npp_d20200131_t1825564_e1827206_b42809_c20200131194956614703_noac_ops.h5,SVM13_npp_d20200131_t1825564_e1827206_b42809_c20200131194956623073_noac_ops.h5,SVM14_npp_d20200131_t1825564_e1827206_b42809_c20200131194956633177_noac_ops.h5,SVM15_npp_d20200131_t1825564_e1827206_b42809_c20200131194956638443_noac_ops.h5,SVM16_npp_d20200131_t1825564_e1827206_b42809_c20200131194956642075_noac_ops.h5,SVDNB_npp_d20200131_t1825564_e1827206_b42809_c20200131194954299442_noac_ops.h5,GDNBO_npp_d20200131_t1825564_e1827206_b42809_c20200131194954287679_noac_ops.h5,GMTCO_npp_d20200131_t1825564_e1827206_b42809_c20200131194906577388_noac_ops.h5,GDNBO_npp_d20200131_t1825564_e1827206_b42809_c20200131194954287679_noac_ops.h5,VICMO_npp_d20200131_t1825564_e1827206_b42809_c20200131195023784543_noac_ops.h5,,,
9,x1172301E_y011990S_l0189_s0145_v30,2020/01/31 12:10:09,-1.198952,117.230133,2020/01/31 16:46:43.270,2020-02-01 00:46:43.270,999999,999999,999999,999999,999999,999999,999999,999999,999999,3,0,425984,1.25698e-05,0.00608617,0.00807606,0.00696202,0.0242822,0.062276,0.119575,3.34541,4.14611,4.05435,1,1,1,1,1,1,1,1,1,1,0,0,0,0,0,0,0,0,0,0,0,0,0,0,0,999999,999999,999999,999999,999999,36,145,189,999999,999999,279,194,-1.200562,117.232956,0.361285,0.0588335,0.125113,0.0481689,0.0236993,8.11414,160.616,163.822,65.6752,98.8863,1523.11,747.646,-7341.69,-4.53392e+06,5.59111e+06,-378970,-12.6794,4.52919,11.309,128,0,15,131,5,3,0,7,0.381892;-1.835658;-3.827627;-8.835881;-6.849840;-4.594363,115.694061;129.297134;142.927460;141.940750;128.177887;114.486618,0.000000;0.000741;0.001212;0.002154;0.022352;0.026796;0.038308;0.059516;0.071432;0.227021;0.388131;0.393652;0.393652;0.000000,-0.002007;-0.002008;-0.001890;-0.001030;0.024622;0.030371;0.046014;0.075236;0.093904;0.345240;0.653370;0.719648;999999.000000;999999.000000,SVM07_npp_d20200131_t1646234_e1647475_b42808_c20200131180817663592_noac_ops.h5,SVM08_npp_d20200131_t1646234_e1647475_b42808_c20200131180817667652_noac_ops.h5,SVM10_npp_d20200131_t1646234_e1647475_b42808_c20200131180817601390_noac_ops.h5,SVM11_npp_d20200131_t1646234_e1647475_b42808_c20200131180817605514_noac_ops.h5,SVM12_npp_d20200131_t1646234_e1647475_b42808_c20200131180817618865_noac_ops.h5,SVM13_npp_d20200131_t1646234_e1647475_b42808_c20200131180817622918_noac_ops.h5,SVM14_npp_d20200131_t1646234_e1647475_b42808_c20200131180817627295_noac_ops.h5,SVM15_npp_d20200131_t1646234_e1647475_b42808_c20200131180817630911_noac_ops.h5,SVM16_npp_d20200131_t1646234_e1647475_b42808_c20200131180817634971_noac_ops.h5,SVDNB_npp_d20200131_t1646234_e1647475_b42808_c20200131180817431982_noac_ops.h5,GDNBO_npp_d20200131_t1646234_e1647475_b42808_c20200131180817422415_noac_ops.h5,GMTCO_npp_d20200131_t1646234_e1647475_b42808_c20200131180726418401_noac_ops.h5,GDNBO_npp_d20200131_t1646234_e1647475_b42808_c20200131180817422415_noac_ops.h5,VICMO_npp_d20200131_t1646234_e1647475_b42808_c20200131180836341534_noac_ops.h5,,,
10,x1168062E_y012515S_l0206_s0110_v30,2020/01/31 12:10:09,-1.251457,116.806168,2020/01/31 16:46:45.049,2020-02-01 00:46:45.049,2003,999999,5.37794e-07,0.491167,0.972545,999999,999999,1.98007,1.06487,999999,1,375873,0.002626,0.030333,-0.0160996,0.0813185,0.0330221,0.211065,0.332457,5.20212,6.06182,5.57288,1,1,1,1,1,1,1,1,1,1,0,0,0,0,0,0,0,129,0,0,0,0,0,0,0,999999,999999,999999,999999,999999,93,110,206,999999,999999,221,212,-1.251816,116.809242,0.343948,0.0588335,0.125113,0.0481689,0.0236993,8.11414,160.678,165.013,66.7034,98.8562,1531.85,736.701,-7340.95,-4.53121e+06,5.59243e+06,-392033,-13.0991,4.20428,6.85566,0,0,0,0,0,0,0,0,0.381892;-1.835658;-3.827627;-8.835881;-6.849840;-4.594363,115.694061;129.297134;142.927460;141.940750;128.177887;114.486618,0.000000;0.000741;0.001212;0.002154;0.022352;0.026796;0.038308;0.059516;0.071432;0.227021;0.388131;0.393652;0.393652;0.000000,-0.002007;-0.002008;-0.001890;-0.001030;0.024622;0.030371;0.046014;0.075236;0.093904;0.345240;0.653370;0.719648;999999.000000;999999.000000,SVM07_npp_d20200131_t1646234_e1647475_b42808_c20200131180817663592_noac_ops.h5,SVM08_npp_d20200131_t1646234_e1647475_b42808_c20200131180817667652_noac_ops.h5,SVM10_npp_d20200131_t1646234_e1647475_b42808_c20200131180817601390_noac_ops.h5,SVM11_npp_d20200131_t1646234_e1647475_b42808_c20200131180817605514_noac_ops.h5,SVM12_npp_d20200131_t1646234_e1647475_b42808_c20200131180817618865_noac_ops.h5,SVM13_npp_d20200131_t1646234_e1647475_b42808_c20200131180817622918_noac_ops.h5,SVM14_npp_d20200131_t1646234_e1647475_b42808_c20200131180817627295_noac_ops.h5,SVM15_npp_d20200131_t1646234_e1647475_b42808_c20200131180817630911_noac_ops.h5,SVM16_npp_d20200131_t1646234_e1647475_b42808_c20200131180817634971_noac_ops.h5,SVDNB_npp_d20200131_t1646234_e1647475_b42808_c20200131180817431982_noac_ops.h5,GDNBO_npp_d20200131_t1646234_e1647475_b42808_c20200131180817422415_noac_ops.h5,GMTCO_npp_d20200131_t1646234_e1647475_b42808_c20200131180726418401_noac_ops.h5,GDNBO_npp_d20200131_t1646234_e1647475_b42808_c20200131180817422415_noac_ops.h5,VICMO_npp_d20200131_t1646234_e1647475_b42808_c20200131180836341534_noac_ops.h5,,,
11,x1168182E_y012534S_l0206_s0111_v30,2020/01/31 12:10:09,-1.253364,116.818161,2020/01/31 16:46:45.049,2020-02-01 00:46:45.049,2254,999999,6.9771e-07,1.0203,2.01488,999999,999999,1.97478,1.37783,999999,1,375625,0.0442681,0.0474621,0.180328,0.134803,0.0907055,0.214364,0.325889,5.15338,6.00642,5.54341,1,1,1,1,1,1,1,1,1,1,0,0,0,0,0,0,0,0,0,0,0,0,0,0,0,999999,999999,999999,999999,999999,134,111,206,999999,999999,222,212,-1.252936,116.816002,0.244574,0.0588335,0.125113,0.0481689,0.0236993,8.11414,160.673,164.981,66.6734,98.8559,1531.85,736.701,-7340.95,-4.53121e+06,5.59243e+06,-392033,-13.0991,4.20428,6.85566,0,0,0,0,0,0,0,0,0.381892;-1.835658;-3.827627;-8.835881;-6.849840;-4.594363,115.694061;129.297134;142.927460;141.940750;128.177887;114.486618,0.000000;0.000741;0.001212;0.002154;0.022352;0.026796;0.038308;0.059516;0.071432;0.227021;0.388131;0.393652;0.393652;0.000000,-0.002007;-0.002008;-0.001890;-0.001030;0.024622;0.030371;0.046014;0.075236;0.093904;0.345240;0.653370;0.719648;999999.000000;999999.000000,SVM07_npp_d20200131_t1646234_e1647475_b42808_c20200131180817663592_noac_ops.h5,SVM08_npp_d20200131_t1646234_e1647475_b42808_c20200131180817667652_noac_ops.h5,SVM10_npp_d20200131_t1646234_e1647475_b42808_c20200131180817601390_noac_ops.h5,SVM11_npp_d20200131_t1646234_e1647475_b42808_c20200131180817605514_noac_ops.h5,SVM12_npp_d20200131_t1646234_e1647475_b42808_c20200131180817618865_noac_ops.h5,SVM13_npp_d20200131_t1646234_e1647475_b42808_c20200131180817622918_noac_ops.h5,SVM14_npp_d20200131_t1646234_e1647475_b42808_c20200131180817627295_noac_ops.h5,SVM15_npp_d20200131_t1646234_e1647475_b42808_c20200131180817630911_noac_ops.h5,SVM16_npp_d20200131_t1646234_e1647475_b42808_c20200131180817634971_noac_ops.h5,SVDNB_npp_d20200131_t1646234_e1647475_b42808_c20200131180817431982_noac_ops.h5,GDNBO_npp_d20200131_t1646234_e1647475_b42808_c20200131180817422415_noac_ops.h5,GMTCO_npp_d20200131_t1646234_e1647475_b42808_c20200131180726418401_noac_ops.h5,GDNBO_npp_d20200131_t1646234_e1647475_b42808_c20200131180817422415_noac_ops.h5,VICMO_npp_d20200131_t1646234_e1647475_b42808_c20200131180836341534_noac_ops.h5,,,
12,x1168130E_y012486S_l0214_s0111_v30,2020/01/31 12:10:09,-1.248577,116.813026,2020/01/31 16:46:46.829,2020-02-01 00:46:46.829,1950,999999,1.26374e-06,1.03715,2.04724,999999,999999,1.97391,2.4945,3,1,507717,0.00106488,0.071515,0.119889,0.147848,0.0959495,0.227021,0.34524,5.19893,6.03139,5.5556,1,1,1,1,1,1,1,1,1,1,0,0,0,0,0,0,0,0,0,0,0,0,0,0,0,999999,999999,999999,999999,999999,144,111,214,999999,999999,221,211,-1.245159,116.810356,0.482564,0.0588335,0.125113,0.0481689,0.0236993,8.11414,160.677,164.971,66.6684,99.3715,1540.59,725.751,-7340.19,-4.52847e+06,5.59373e+06,-405094,-14.3067,4.20376,2.58301,128,0,14,133,1,3,0,6,0.381892;-1.835658;-3.827627;-8.835881;-6.849840;-4.594363,115.694061;129.297134;142.927460;141.940750;128.177887;114.486618,0.000000;0.000741;0.001212;0.002154;0.022352;0.026796;0.038308;0.059516;0.071432;0.227021;0.388131;0.393652;0.393652;0.000000,-0.002007;-0.002008;-0.001890;-0.001030;0.024622;0.030371;0.046014;0.075236;0.093904;0.345240;0.653370;0.719648;999999.000000;999999.000000,SVM07_npp_d20200131_t1646234_e1647475_b42808_c20200131180817663592_noac_ops.h5,SVM08_npp_d20200131_t1646234_e1647475_b42808_c20200131180817667652_noac_ops.h5,SVM10_npp_d20200131_t1646234_e1647475_b42808_c20200131180817601390_noac_ops.h5,SVM11_npp_d20200131_t1646234_e1647475_b42808_c20200131180817605514_noac_ops.h5,SVM12_npp_d20200131_t1646234_e1647475_b42808_c20200131180817618865_noac_ops.h5,SVM13_npp_d20200131_t1646234_e1647475_b42808_c20200131180817622918_noac_ops.h5,SVM14_npp_d20200131_t1646234_e1647475_b42808_c20200131180817627295_noac_ops.h5,SVM15_npp_d20200131_t1646234_e1647475_b42808_c20200131180817630911_noac_ops.h5,SVM16_npp_d20200131_t1646234_e1647475_b42808_c20200131180817634971_noac_ops.h5,SVDNB_npp_d20200131_t1646234_e1647475_b42808_c20200131180817431982_noac_ops.h5,GDNBO_npp_d20200131_t1646234_e1647475_b42808_c20200131180817422415_noac_ops.h5,GMTCO_npp_d20200131_t1646234_e1647475_b42808_c20200131180726418401_noac_ops.h5,GDNBO_npp_d20200131_t1646234_e1647475_b42808_c20200131180817422415_noac_ops.h5,VICMO_npp_d20200131_t1646234_e1647475_b42808_c20200131180836341534_noac_ops.h5,,,
13,x1168251E_y012506S_l0214_s0112_v30,2020/01/31 12:10:09,-1.250582,116.825058,2020/01/31 16:46:46.829,2020-02-01 00:46:46.829,1925,999999,5.56338e-07,0.432746,0.851913,999999,999999,1.96862,1.09522,3,1,374849,0.00214565,0.0378611,0.0534055,0.0656645,0.0359354,0.197465,0.3157,5.11982,5.96546,5.50955,1,1,1,1,1,1,1,1,1,1,0,0,0,0,0,0,0,0,0,0,0,0,0,0,0,999999,999999,999999,999999,999999,81,112,214,999999,999999,223,211,-1.247397,116.823814,0.380455,0.0588335,0.125113,0.0481689,0.0236993,8.11414,160.672,164.939,66.6383,99.3713,1540.59,725.751,-7340.19,-4.52847e+06,5.59373e+06,-405094,-14.3067,4.20376,2.58301,128,0,14,129,1,3,0,6,0.381892;-1.835658;-3.827627;-8.835881;-6.849840;-4.594363,115.694061;129.297134;142.927460;141.940750;128.177887;114.486618,0.000000;0.000741;0.001212;0.002154;0.022352;0.026796;0.038308;0.059516;0.071432;0.227021;0.388131;0.393652;0.393652;0.000000,-0.002007;-0.002008;-0.001890;-0.001030;0.024622;0.030371;0.046014;0.075236;0.093904;0.345240;0.653370;0.719648;999999.000000;999999.000000,SVM07_npp_d20200131_t1646234_e1647475_b42808_c20200131180817663592_noac_ops.h5,SVM08_npp_d20200131_t1646234_e1647475_b42808_c20200131180817667652_noac_ops.h5,SVM10_npp_d20200131_t1646234_e1647475_b42808_c20200131180817601390_noac_ops.h5,SVM11_npp_d20200131_t1646234_e1647475_b42808_c20200131180817605514_noac_ops.h5,SVM12_npp_d20200131_t1646234_e1647475_b42808_c20200131180817618865_noac_ops.h5,SVM13_npp_d20200131_t1646234_e1647475_b42808_c20200131180817622918_noac_ops.h5,SVM14_npp_d20200131_t1646234_e1647475_b42808_c20200131180817627295_noac_ops.h5,SVM15_npp_d20200131_t1646234_e1647475_b42808_c20200131180817630911_noac_ops.h5,SVM16_npp_d20200131_t1646234_e1647475_b42808_c20200131180817634971_noac_ops.h5,SVDNB_npp_d20200131_t1646234_e1647475_b42808_c20200131180817431982_noac_ops.h5,GDNBO_npp_d20200131_t1646234_e1647475_b42808_c20200131180817422415_noac_ops.h5,GMTCO_npp_d20200131_t1646234_e1647475_b42808_c20200131180726418401_noac_ops.h5,GDNBO_npp_d20200131_t1646234_e1647475_b42808_c20200131180817422415_noac_ops.h5,VICMO_npp_d20200131_t1646234_e1647475_b42808_c20200131180836341534_noac_ops.h5,,,
20,x1172168E_y017278S_l0269_s0155_v30,2020/01/31 12:10:09,-1.727807,117.216835,2020/01/31 16:46:52.166,2020-02-01 00:46:52.166,999999,999999,999999,999999,999999,999999,999999,999999,999999,3,0,425984,-3.45289e-06,-0.0124842,-0.000989825,0.00957102,0.0248649,0.109942,0.198145,4.35148,5.22664,5.03543,1,1,1,1,1,1,1,1,1,1,0,0,0,0,0,0,129,0,0,0,0,0,0,0,0,999999,999999,999999,999999,999999,38,155,269,999999,999999,294,274,-1.728342,117.213821,0.340011,0.0588335,0.125113,0.0481689,0.0236993,8.11414,160.101,164.166,65.39,98.9899,1566.75,692.873,-7337.77,-4.52018e+06,5.59752e+06,-444268,-14.5231,3.66225,1.5361,0,0,15,131,1,3,0,7,0.381892;-1.835658;-3.827627;-8.835881;-6.849840;-4.594363,115.694061;129.297134;142.927460;141.940750;128.177887;114.486618,0.000000;0.000741;0.001212;0.002154;0.022352;0.026796;0.038308;0.059516;0.071432;0.227021;0.388131;0.393652;0.393652;0.000000,-0.002007;-0.002008;-0.001890;-0.001030;0.024622;0.030371;0.046014;0.075236;0.093904;0.345240;0.653370;0.719648;999999.000000;999999.000000,SVM07_npp_d20200131_t1646234_e1647475_b42808_c20200131180817663592_noac_ops.h5,SVM08_npp_d20200131_t1646234_e1647475_b42808_c20200131180817667652_noac_ops.h5,SVM10_npp_d20200131_t1646234_e1647475_b42808_c20200131180817601390_noac_ops.h5,SVM11_npp_d20200131_t1646234_e1647475_b42808_c20200131180817605514_noac_ops.h5,SVM12_npp_d20200131_t1646234_e1647475_b42808_c20200131180817618865_noac_ops.h5,SVM13_npp_d20200131_t1646234_e1647475_b42808_c20200131180817622918_noac_ops.h5,SVM14_npp_d20200131_t1646234_e1647475_b42808_c20200131180817627295_noac_ops.h5,SVM15_npp_d20200131_t1646234_e1647475_b42808_c20200131180817630911_noac_ops.h5,SVM16_npp_d20200131_t1646234_e1647475_b42808_c20200131180817634971_noac_ops.h5,SVDNB_npp_d20200131_t1646234_e1647475_b42808_c20200131180817431982_noac_ops.h5,GDNBO_npp_d20200131_t1646234_e1647475_b42808_c20200131180817422415_noac_ops.h5,GMTCO_npp_d20200131_t1646234_e1647475_b42808_c20200131180726418401_noac_ops.h5,GDNBO_npp_d20200131_t1646234_e1647475_b42808_c20200131180817422415_noac_ops.h5,VICMO_npp_d20200131_t1646234_e1647475_b42808_c20200131180836341534_noac_ops.h5,,,
21,x1158659E_y018944S_l0339_s0050_v30,2020/01/31 12:10:09,-1.894370,115.865883,2020/01/31 16:47:01.063,2020-02-01 00:47:01.063,914,276,4.70965e-05,1.86415,4.36743,999999,999999,2.34286,110.34,999999,34,13872,0.000291316,-0.011757,0.0322517,0.0187025,0.0184556,0.26331,0.411815,5.8502,6.74719,6.09237,1,1,1,1,1,1,1,1,1,1,0,0,0,0,0,0,129,0,0,0,0,0,0,0,0,999999,999999,999999,999999,999999,45,50,339,999999,999999,109,332,-1.893429,115.867203,0.180188,0.0588335,0.125113,0.0481689,0.0236993,8.11414,160.257,167.855,68.5317,99.7588,1610.18,637.988,-7333.24,-4.50605e+06,5.60344e+06,-509527,-18.2317,1.09606,-16.2115,128,0,0,0,0,0,0,0,0.381892;-1.835658;-3.827627;-8.835881;-6.849840;-4.594363,115.694061;129.297134;142.927460;141.940750;128.177887;114.486618,0.000000;0.000741;0.001212;0.002154;0.022352;0.026796;0.038308;0.059516;0.071432;0.227021;0.388131;0.393652;0.393652;0.000000,-0.002007;-0.002008;-0.001890;-0.001030;0.024622;0.030371;0.046014;0.075236;0.093904;0.345240;0.653370;0.719648;999999.000000;999999.000000,SVM07_npp_d20200131_t1646234_e1647475_b42808_c20200131180817663592_noac_ops.h5,SVM08_npp_d20200131_t1646234_e1647475_b42808_c20200131180817667652_noac_ops.h5,SVM10_npp_d20200131_t1646234_e1647475_b42808_c20200131180817601390_noac_ops.h5,SVM11_npp_d20200131_t1646234_e1647475_b42808_c20200131180817605514_noac_ops.h5,SVM12_npp_d20200131_t1646234_e1647475_b42808_c20200131180817618865_noac_ops.h5,SVM13_npp_d20200131_t1646234_e1647475_b42808_c20200131180817622918_noac_ops.h5,SVM14_npp_d20200131_t1646234_e1647475_b42808_c20200131180817627295_noac_ops.h5,SVM15_npp_d20200131_t1646234_e1647475_b42808_c20200131180817630911_noac_ops.h5,SVM16_npp_d20200131_t1646234_e1647475_b42808_c20200131180817634971_noac_ops.h5,SVDNB_npp_d20200131_t1646234_e1647475_b42808_c20200131180817431982_noac_ops.h5,GDNBO_npp_d20200131_t1646234_e1647475_b42808_c20200131180817422415_noac_ops.h5,GMTCO_npp_d20200131_t1646234_e1647475_b42808_c20200131180726418401_noac_ops.h5,GDNBO_npp_d20200131_t1646234_e1647475_b42808_c20200131180817422415_noac_ops.h5,VICMO_npp_d20200131_t1646234_e1647475_b42808_c20200131180836341534_noac_ops.h5,,,
26,x1161877E_y032268S_l0523_s0099_v30,2020/01/31 12:10:09,-3.226846,116.187744,2020/01/31 16:47:20.635,2020-02-01 00:47:20.635,999999,999999,999999,999999,999999,999999,999999,999999,999999,3,0,425984,5.54038e-06,-0.00746744,0.011098,0.017398,0.0248649,0.150742,0.248759,3.99828,4.75152,4.17085,1,1,1,1,1,1,1,1,1,1,0,0,0,0,0,0,129,0,0,0,0,0,0,0,0,999999,999999,999999,999999,999999,44,99,523,999999,999999,200,525,-3.223380,116.186668,0.403903,0.0588335,0.125113,0.0481689,0.0236993,8.11414,158.87,167.542,67.0428,99.5139,1704.98,516.869,-7321.09,-4.4736e+06,5.61474e+06,-652939,-15.5462,2.38326,3.28826,0,0,15,131,5,3,0,6,0.381892;-1.835658;-3.827627;-8.835881;-6.849840;-4.594363,115.694061;129.297134;142.927460;141.940750;128.177887;114.486618,0.000000;0.000741;0.001212;0.002154;0.022352;0.026796;0.038308;0.059516;0.071432;0.227021;0.388131;0.393652;0.393652;0.000000,-0.002007;-0.002008;-0.001890;-0.001030;0.024622;0.030371;0.046014;0.075236;0.093904;0.345240;0.653370;0.719648;999999.000000;999999.000000,SVM07_npp_d20200131_t1646234_e1647475_b42808_c20200131180817663592_noac_ops.h5,SVM08_npp_d20200131_t1646234_e1647475_b42808_c20200131180817667652_noac_ops.h5,SVM10_npp_d20200131_t1646234_e1647475_b42808_c20200131180817601390_noac_ops.h5,SVM11_npp_d20200131_t1646234_e1647475_b42808_c20200131180817605514_noac_ops.h5,SVM12_npp_d20200131_t1646234_e1647475_b42808_c20200131180817618865_noac_ops.h5,SVM13_npp_d20200131_t1646234_e1647475_b42808_c20200131180817622918_noac_ops.h5,SVM14_npp_d20200131_t1646234_e1647475_b42808_c20200131180817627295_noac_ops.h5,SVM15_npp_d20200131_t1646234_e1647475_b42808_c20200131180817630911_noac_ops.h5,SVM16_npp_d20200131_t1646234_e1647475_b42808_c20200131180817634971_noac_ops.h5,SVDNB_npp_d20200131_t1646234_e1647475_b42808_c20200131180817431982_noac_ops.h5,GDNBO_npp_d20200131_t1646234_e1647475_b42808_c20200131180817422415_noac_ops.h5,GMTCO_npp_d20200131_t1646234_e1647475_b42808_c20200131180726418401_noac_ops.h5,GDNBO_npp_d20200131_t1646234_e1647475_b42808_c20200131180817422415_noac_ops.h5,VICMO_npp_d20200131_t1646234_e1647475_b42808_c20200131180836341534_noac_ops.h5,,,
32,x1164952E_y049001S_l0765_s0160_v30,2020/01/31 12:10:09,-4.900087,116.495186,2020/01/31 16:47:47.324,2020-02-01 00:47:47.324,999999,999999,999999,999999,999999,999999,999999,999999,999999,3,0,438272,6.95486e-06,-0.0179009,0.011098,0.00435302,0.0236995,0.0925051,0.1592,3.45009,4.27757,3.99712,1,1,1,1,1,1,1,1,1,1,0,0,0,0,0,0,129,0,0,0,0,0,0,0,0,999999,999999,999999,999999,999999,34,160,765,999999,999999,301,768,-4.892457,116.494629,0.851674,0.0588335,0.125113,0.0481689,0.0236993,8.11414,157.146,167.402,65.2552,99.6879,1832.57,350.96,-7299.69,-4.42639e+06,5.62632e+06,-848059,-14.6164,2.3947,-10.6568,128,0,15,131,5,3,0,6,0.381892;-1.835658;-3.827627;-8.835881;-6.849840;-4.594363,115.694061;129.297134;142.927460;141.940750;128.177887;114.486618,0.000000;0.000741;0.001212;0.002154;0.022352;0.026796;0.038308;0.059516;0.071432;0.227021;0.388131;0.393652;0.393652;0.000000,-0.002007;-0.002008;-0.001890;-0.001030;0.024622;0.030371;0.046014;0.075236;0.093904;0.345240;0.653370;0.719648;999999.000000;999999.000000,SVM07_npp_d20200131_t1646234_e1647475_b42808_c20200131180817663592_noac_ops.h5,SVM08_npp_d20200131_t1646234_e1647475_b42808_c20200131180817667652_noac_ops.h5,SVM10_npp_d20200131_t1646234_e1647475_b42808_c20200131180817601390_noac_ops.h5,SVM11_npp_d20200131_t1646234_e1647475_b42808_c20200131180817605514_noac_ops.h5,SVM12_npp_d20200131_t1646234_e1647475_b42808_c20200131180817618865_noac_ops.h5,SVM13_npp_d20200131_t1646234_e1647475_b42808_c20200131180817622918_noac_ops.h5,SVM14_npp_d20200131_t1646234_e1647475_b42808_c20200131180817627295_noac_ops.h5,SVM15_npp_d20200131_t1646234_e1647475_b42808_c20200131180817630911_noac_ops.h5,SVM16_npp_d20200131_t1646234_e1647475_b42808_c20200131180817634971_noac_ops.h5,SVDNB_npp_d20200131_t1646234_e1647475_b42808_c20200131180817431982_noac_ops.h5,GDNBO_npp_d20200131_t1646234_e1647475_b42808_c20200131180817422415_noac_ops.h5,GMTCO_npp_d20200131_t1646234_e1647475_b42808_c20200131180726418401_noac_ops.h5,GDNBO_npp_d20200131_t1646234_e1647475_b42808_c20200131180817422415_noac_ops.h5,VICMO_npp_d20200131_t1646234_e1647475_b42808_c20200131180836341534_noac_ops.h5,,,
1,x1153348E_y020114S_l0045_s2987_v30,2020/01/31 14:12:19,-2.011449,115.334846,2020/01/31 18:27:25.669,2020-02-01 02:27:25.669,999999,999999,999999,999999,999999,999999,999999,999999,999999,3,0,430080,6.65859e-07,0.00681096,0.0171419,0.00826652,0.0242822,0.0461179,0.101842,3.4437,4.43594,4.41908,1,1,1,1,1,1,1,1,1,1,0,0,0,0,0,0,0,0,0,0,0,0,0,0,0,999999,999999,999999,999999,999999,37,2987,45,999999,999999,3693,49,-2.008831,115.336472,0.34277,0.0588751,0.125325,0.0482873,0.0240799,8.26348,145.588,125.45,63.6339,-81.1452,1607.32,386.537,-7351.96,-1.77915e+06,6.98499e+06,-29731,-15.2059,-0.0556752,0.63616,128,0,14,1,1,3,0,5,2.181711;0.017141;-2.025507;-7.029232;-4.998028;-2.803487,90.721458;104.337250;117.943855;116.917473;103.220627;89.557899,0.000000;0.000337;0.000875;0.001548;0.002289;0.005251;0.018851;0.031441;0.097353;0.112501;0.136267;0.204804;0.275697;0.323700;0.326730;0.342417;0.396143;0.396479;0.396614;0.396614;0.000000,-0.001267;-0.001490;-0.001633;-0.001110;-0.000369;0.002703;0.019727;0.035662;0.123630;0.146517;0.182730;0.289600;0.404577;0.482447;0.488465;0.524780;0.707731;0.711162;0.719530;999999.000000;999999.000000,SVM07_npp_d20200131_t1827218_e1828460_b42809_c20200131195008728958_noac_ops.h5,SVM08_npp_d20200131_t1827218_e1828460_b42809_c20200131195008733737_noac_ops.h5,SVM10_npp_d20200131_t1827218_e1828460_b42809_c20200131195008647479_noac_ops.h5,SVM11_npp_d20200131_t1827218_e1828460_b42809_c20200131195008654722_noac_ops.h5,SVM12_npp_d20200131_t1827218_e1828460_b42809_c20200131195008664318_noac_ops.h5,SVM13_npp_d20200131_t1827218_e1828460_b42809_c20200131195008671947_noac_ops.h5,SVM14_npp_d20200131_t1827218_e1828460_b42809_c20200131195008684411_noac_ops.h5,SVM15_npp_d20200131_t1827218_e1828460_b42809_c20200131195008690685_noac_ops.h5,SVM16_npp_d20200131_t1827218_e1828460_b42809_c20200131195008696532_noac_ops.h5,SVDNB_npp_d20200131_t1827218_e1828460_b42809_c20200131194959578820_noac_ops.h5,GDNBO_npp_d20200131_t1827218_e1828460_b42809_c20200131194959566973_noac_ops.h5,GMTCO_npp_d20200131_t1827218_e1828460_b42809_c20200131194929159568_noac_ops.h5,GDNBO_npp_d20200131_t1827218_e1828460_b42809_c20200131194959566973_noac_ops.h5,VICMO_npp_d20200131_t1827218_e1828460_b42809_c20200131195030965430_noac_ops.h5,,,
2,x1160348E_y028325S_l0163_s3069_v30,2020/01/31 14:12:19,-2.832546,116.034821,2020/01/31 18:27:39.903,2020-02-01 02:27:39.903,999999,999999,999999,999999,999999,999999,999999,999999,999999,999999,0,3841,5.60179e-06,0.00356848,0.0382957,0.048706,0.00621973,0.0592463,0.125064,3.73218,4.75581,4.71405,1,1,1,1,1,1,1,1,1,1,0,0,0,0,0,0,0,0,0,0,0,0,0,0,0,999999,999999,999999,999999,999999,68,3069,163,999999,999999,3818,157,-2.833787,116.036636,0.244338,0.0588751,0.125325,0.0482873,0.0240799,8.26348,144.494,125.741,65.9731,-81.9735,1634.68,277.708,-7350.71,-1.75608e+06,6.98972e+06,-134373,-13.8354,2.28697,9.1934,128,0,0,0,0,0,0,0,2.181711;0.017141;-2.025507;-7.029232;-4.998028;-2.803487,90.721458;104.337250;117.943855;116.917473;103.220627;89.557899,0.000000;0.000337;0.000875;0.001548;0.002289;0.005251;0.018851;0.031441;0.097353;0.112501;0.136267;0.204804;0.275697;0.323700;0.326730;0.342417;0.396143;0.396479;0.396614;0.396614;0.000000,-0.001267;-0.001490;-0.001633;-0.001110;-0.000369;0.002703;0.019727;0.035662;0.123630;0.146517;0.182730;0.289600;0.404577;0.482447;0.488465;0.524780;0.707731;0.711162;0.719530;999999.000000;999999.000000,SVM07_npp_d20200131_t1827218_e1828460_b42809_c20200131195008728958_noac_ops.h5,SVM08_npp_d20200131_t1827218_e1828460_b42809_c20200131195008733737_noac_ops.h5,SVM10_npp_d20200131_t1827218_e1828460_b42809_c20200131195008647479_noac_ops.h5,SVM11_npp_d20200131_t1827218_e1828460_b42809_c20200131195008654722_noac_ops.h5,SVM12_npp_d20200131_t1827218_e1828460_b42809_c20200131195008664318_noac_ops.h5,SVM13_npp_d20200131_t1827218_e1828460_b42809_c20200131195008671947_noac_ops.h5,SVM14_npp_d20200131_t1827218_e1828460_b42809_c20200131195008684411_noac_ops.h5,SVM15_npp_d20200131_t1827218_e1828460_b42809_c20200131195008690685_noac_ops.h5,SVM16_npp_d20200131_t1827218_e1828460_b42809_c20200131195008696532_noac_ops.h5,SVDNB_npp_d20200131_t1827218_e1828460_b42809_c20200131194959578820_noac_ops.h5,GDNBO_npp_d20200131_t1827218_e1828460_b42809_c20200131194959566973_noac_ops.h5,GMTCO_npp_d20200131_t1827218_e1828460_b42809_c20200131194929159568_noac_ops.h5,GDNBO_npp_d20200131_t1827218_e1828460_b42809_c20200131194959566973_noac_ops.h5,VICMO_npp_d20200131_t1827218_e1828460_b42809_c20200131195030965430_noac_ops.h5,,,
18,x1151694E_y030258S_l0211_s2993_v30,2020/01/31 14:12:19,-3.025793,115.169403,2020/01/31 18:27:45.241,2020-02-01 02:27:45.241,999999,999999,999999,999999,999999,999999,999999,999999,999999,999999,0,308736,0.000118628,-0.0392083,0.0624713,0.00435302,0.0289435,0.30559,0.495759,6.78395,7.68496,6.98743,1,1,1,1,1,1,1,1,1,1,0,0,0,0,0,0,129,0,0,0,0,0,0,0,0,999999,999999,999999,999999,999999,34,2993,211,999999,999999,3700,206,-3.028929,115.171471,0.41776,0.0588751,0.125325,0.0482873,0.0240799,8.26348,145.059,126.71,63.8088,-81.9993,1644.8,236.867,-7349.84,-1.74732e+06,6.99109e+06,-173607,-12.6054,1.59539,0.851428,0,0,0,0,0,0,0,0,2.181711;0.017141;-2.025507;-7.029232;-4.998028;-2.803487,90.721458;104.337250;117.943855;116.917473;103.220627;89.557899,0.000000;0.000337;0.000875;0.001548;0.002289;0.005251;0.018851;0.031441;0.097353;0.112501;0.136267;0.204804;0.275697;0.323700;0.326730;0.342417;0.396143;0.396479;0.396614;0.396614;0.000000,-0.001267;-0.001490;-0.001633;-0.001110;-0.000369;0.002703;0.019727;0.035662;0.123630;0.146517;0.182730;0.289600;0.404577;0.482447;0.488465;0.524780;0.707731;0.711162;0.719530;999999.000000;999999.000000,SVM07_npp_d20200131_t1827218_e1828460_b42809_c20200131195008728958_noac_ops.h5,SVM08_npp_d20200131_t1827218_e1828460_b42809_c20200131195008733737_noac_ops.h5,SVM10_npp_d20200131_t1827218_e1828460_b42809_c20200131195008647479_noac_ops.h5,SVM11_npp_d20200131_t1827218_e1828460_b42809_c20200131195008654722_noac_ops.h5,SVM12_npp_d20200131_t1827218_e1828460_b42809_c20200131195008664318_noac_ops.h5,SVM13_npp_d20200131_t1827218_e1828460_b42809_c20200131195008671947_noac_ops.h5,SVM14_npp_d20200131_t1827218_e1828460_b42809_c20200131195008684411_noac_ops.h5,SVM15_npp_d20200131_t1827218_e1828460_b42809_c20200131195008690685_noac_ops.h5,SVM16_npp_d20200131_t1827218_e1828460_b42809_c20200131195008696532_noac_ops.h5,SVDNB_npp_d20200131_t1827218_e1828460_b42809_c20200131194959578820_noac_ops.h5,GDNBO_npp_d20200131_t1827218_e1828460_b42809_c20200131194959566973_noac_ops.h5,GMTCO_npp_d20200131_t1827218_e1828460_b42809_c20200131194929159568_noac_ops.h5,GDNBO_npp_d20200131_t1827218_e1828460_b42809_c20200131194959566973_noac_ops.h5,VICMO_npp_d20200131_t1827218_e1828460_b42809_c20200131195030965430_noac_ops.h5,,,
32,x1157557E_y040603S_l0347_s3067_v30,2020/01/31 14:12:19,-4.060340,115.755653,2020/01/31 18:27:59.475,2020-02-01 02:27:59.475,999999,999999,999999,999999,999999,999999,999999,999999,999999,3,0,2305,1.12024e-05,-0.00928403,-0.0463192,0.048706,0.00155844,0.0620067,0.101538,2.50475,3.24852,3.14168,1,1,1,1,1,1,1,1,1,1,0,0,0,0,0,0,129,129,0,0,0,0,0,0,0,999999,999999,999999,999999,999999,68,3067,347,999999,999999,3815,349,-4.058377,115.754250,0.268333,0.0588751,0.125325,0.0482873,0.0240799,8.26348,143.922,127.285,65.9105,-81.7137,1671.37,127.894,-7346.4,-1.72372e+06,6.99369e+06,-278203,-20.2801,0.603892,-18.2305,0,0,15,131,5,3,0,6,2.181711;0.017141;-2.025507;-7.029232;-4.998028;-2.803487,90.721458;104.337250;117.943855;116.917473;103.220627;89.557899,0.000000;0.000337;0.000875;0.001548;0.002289;0.005251;0.018851;0.031441;0.097353;0.112501;0.136267;0.204804;0.275697;0.323700;0.326730;0.342417;0.396143;0.396479;0.396614;0.396614;0.000000,-0.001267;-0.001490;-0.001633;-0.001110;-0.000369;0.002703;0.019727;0.035662;0.123630;0.146517;0.182730;0.289600;0.404577;0.482447;0.488465;0.524780;0.707731;0.711162;0.719530;999999.000000;999999.000000,SVM07_npp_d20200131_t1827218_e1828460_b42809_c20200131195008728958_noac_ops.h5,SVM08_npp_d20200131_t1827218_e1828460_b42809_c20200131195008733737_noac_ops.h5,SVM10_npp_d20200131_t1827218_e1828460_b42809_c20200131195008647479_noac_ops.h5,SVM11_npp_d20200131_t1827218_e1828460_b42809_c20200131195008654722_noac_ops.h5,SVM12_npp_d20200131_t1827218_e1828460_b42809_c20200131195008664318_noac_ops.h5,SVM13_npp_d20200131_t1827218_e1828460_b42809_c20200131195008671947_noac_ops.h5,SVM14_npp_d20200131_t1827218_e1828460_b42809_c20200131195008684411_noac_ops.h5,SVM15_npp_d20200131_t1827218_e1828460_b42809_c20200131195008690685_noac_ops.h5,SVM16_npp_d20200131_t1827218_e1828460_b42809_c20200131195008696532_noac_ops.h5,SVDNB_npp_d20200131_t1827218_e1828460_b42809_c20200131194959578820_noac_ops.h5,GDNBO_npp_d20200131_t1827218_e1828460_b42809_c20200131194959566973_noac_ops.h5,GMTCO_npp_d20200131_t1827218_e1828460_b42809_c20200131194929159568_noac_ops.h5,GDNBO_npp_d20200131_t1827218_e1828460_b42809_c20200131194959566973_noac_ops.h5,VICMO_npp_d20200131_t1827218_e1828460_b42809_c20200131195030965430_noac_ops.h5,,,
34,x1129261E_y041996S_l0429_s2761_v30,2020/01/31 14:12:19,-4.199606,112.926109,2020/01/31 18:28:08.371,2020-02-01 01:28:08.371,999999,999999,999999,999999,999999,999999,999999,999999,999999,3,0,425984,7.58092e-06,0.0234296,0.00807606,0.00304852,0.0242822,0.0937843,0.166398,3.50443,4.23505,4.05164,1,1,1,1,1,1,1,1,1,1,0,0,0,0,0,0,0,0,0,0,0,0,0,0,0,999999,999999,999999,999999,999999,33,2761,429,999999,999999,3413,432,-4.200988,112.924217,0.260086,0.0588751,0.125325,0.0482873,0.0240799,8.26348,146.009,130.126,57.7108,-81.4541,1687.67,59.7448,-7343.45,-1.70878e+06,6.99452e+06,-343546,-15.0222,1.81315,-0.00364825,128,0,15,131,5,3,0,6,2.181711;0.017141;-2.025507;-7.029232;-4.998028;-2.803487,90.721458;104.337250;117.943855;116.917473;103.220627;89.557899,0.000000;0.000337;0.000875;0.001548;0.002289;0.005251;0.018851;0.031441;0.097353;0.112501;0.136267;0.204804;0.275697;0.323700;0.326730;0.342417;0.396143;0.396479;0.396614;0.396614;0.000000,-0.001267;-0.001490;-0.001633;-0.001110;-0.000369;0.002703;0.019727;0.035662;0.123630;0.146517;0.182730;0.289600;0.404577;0.482447;0.488465;0.524780;0.707731;0.711162;0.719530;999999.000000;999999.000000,SVM07_npp_d20200131_t1827218_e1828460_b42809_c20200131195008728958_noac_ops.h5,SVM08_npp_d20200131_t1827218_e1828460_b42809_c20200131195008733737_noac_ops.h5,SVM10_npp_d20200131_t1827218_e1828460_b42809_c20200131195008647479_noac_ops.h5,SVM11_npp_d20200131_t1827218_e1828460_b42809_c20200131195008654722_noac_ops.h5,SVM12_npp_d20200131_t1827218_e1828460_b42809_c20200131195008664318_noac_ops.h5,SVM13_npp_d20200131_t1827218_e1828460_b42809_c20200131195008671947_noac_ops.h5,SVM14_npp_d20200131_t1827218_e1828460_b42809_c20200131195008684411_noac_ops.h5,SVM15_npp_d20200131_t1827218_e1828460_b42809_c20200131195008690685_noac_ops.h5,SVM16_npp_d20200131_t1827218_e1828460_b42809_c20200131195008696532_noac_ops.h5,SVDNB_npp_d20200131_t1827218_e1828460_b42809_c20200131194959578820_noac_ops.h5,GDNBO_npp_d20200131_t1827218_e1828460_b42809_c20200131194959566973_noac_ops.h5,GMTCO_npp_d20200131_t1827218_e1828460_b42809_c20200131194929159568_noac_ops.h5,GDNBO_npp_d20200131_t1827218_e1828460_b42809_c20200131194959566973_noac_ops.h5,VICMO_npp_d20200131_t1827218_e1828460_b42809_c20200131195030965430_noac_ops.h5,,,
35,x1173265E_y048423S_l0429_s3198_v30,2020/01/31 14:12:19,-4.842256,117.326515,2020/01/31 18:28:08.371,2020-02-01 02:28:08.371,999999,999999,999999,999999,999999,999999,999999,999999,999999,999999,0,425984,1.31282e-05,-0.0109827,0.00807606,0.00304852,0.0242822,0.062074,0.110341,2.95185,3.77904,3.60055,1,1,1,1,1,1,1,1,1,1,0,0,0,0,0,0,129,0,0,0,0,0,0,0,0,999999,999999,999999,999999,999999,33,3198,429,999999,999999,4064,435,-4.842047,117.325218,0.145497,0.0588751,0.125325,0.0482873,0.0240799,8.26348,142.171,126.707,69.9477,-81.8401,1687.67,59.7448,-7343.45,-1.70878e+06,6.99452e+06,-343546,-15.0222,1.81315,-0.00364825,128,0,0,0,0,0,0,0,2.181711;0.017141;-2.025507;-7.029232;-4.998028;-2.803487,90.721458;104.337250;117.943855;116.917473;103.220627;89.557899,0.000000;0.000337;0.000875;0.001548;0.002289;0.005251;0.018851;0.031441;0.097353;0.112501;0.136267;0.204804;0.275697;0.323700;0.326730;0.342417;0.396143;0.396479;0.396614;0.396614;0.000000,-0.001267;-0.001490;-0.001633;-0.001110;-0.000369;0.002703;0.019727;0.035662;0.123630;0.146517;0.182730;0.289600;0.404577;0.482447;0.488465;0.524780;0.707731;0.711162;0.719530;999999.000000;999999.000000,SVM07_npp_d20200131_t1827218_e1828460_b42809_c20200131195008728958_noac_ops.h5,SVM08_npp_d20200131_t1827218_e1828460_b42809_c20200131195008733737_noac_ops.h5,SVM10_npp_d20200131_t1827218_e1828460_b42809_c20200131195008647479_noac_ops.h5,SVM11_npp_d20200131_t1827218_e1828460_b42809_c20200131195008654722_noac_ops.h5,SVM12_npp_d20200131_t1827218_e1828460_b42809_c20200131195008664318_noac_ops.h5,SVM13_npp_d20200131_t1827218_e1828460_b42809_c20200131195008671947_noac_ops.h5,SVM14_npp_d20200131_t1827218_e1828460_b42809_c20200131195008684411_noac_ops.h5,SVM15_npp_d20200131_t1827218_e1828460_b42809_c20200131195008690685_noac_ops.h5,SVM16_npp_d20200131_t1827218_e1828460_b42809_c20200131195008696532_noac_ops.h5,SVDNB_npp_d20200131_t1827218_e1828460_b42809_c20200131194959578820_noac_ops.h5,GDNBO_npp_d20200131_t1827218_e1828460_b42809_c20200131194959566973_noac_ops.h5,GMTCO_npp_d20200131_t1827218_e1828460_b42809_c20200131194929159568_noac_ops.h5,GDNBO_npp_d20200131_t1827218_e1828460_b42809_c20200131194959566973_noac_ops.h5,VICMO_npp_d20200131_t1827218_e1828460_b42809_c20200131195030965430_noac_ops.h5,,,
115,x1157963E_y035478N_l0734_s2903_v30,2020/01/31 14:12:31,3.547815,115.796326,2020/01/31 18:25:51.367,2020-02-01 02:25:51.367,999999,999999,999999,999999,999999,999999,999999,999999,999999,999999,0,294912,4.06496e-06,-0.00465886,-0.0130777,0.00435302,0.0248649,0.0370963,0.0652769,2.07084,2.71528,2.70007,1,1,1,1,1,1,1,1,1,1,0,0,0,0,0,0,129,129,0,0,0,0,0,0,0,999999,999999,999999,999999,999999,34,2903,734,999999,999999,3578,739,3.545959,115.793533,0.372271,0.058998,0.125417,0.0485523,0.0243161,8.50867,148.465,118.101,61.334,-80.0195,1411.87,1102.94,-7320.05,-1.9217e+06,6.91468e+06,662610,-12.3974,3.54825,-3.97249,0,0,0,0,0,0,0,0,11.963102;10.058201;7.703764;2.730261;5.042878;6.948455,92.707832;106.597130;120.294876;119.049461;105.469345;91.754662,0.000000;0.013869;0.025382;0.057967;0.153502;0.181375;0.347803;0.407723;0.407723;0.000000,0.000000;0.013747;0.026060;0.068288;0.202522;0.243536;0.497055;0.637556;999999.000000;999999.000000,SVM07_npp_d20200131_t1824310_e1825551_b42809_c20200131194954361323_noac_ops.h5,SVM08_npp_d20200131_t1824310_e1825551_b42809_c20200131194954365760_noac_ops.h5,SVM10_npp_d20200131_t1824310_e1825551_b42809_c20200131194954296956_noac_ops.h5,SVM11_npp_d20200131_t1824310_e1825551_b42809_c20200131194954307317_noac_ops.h5,SVM12_npp_d20200131_t1824310_e1825551_b42809_c20200131194954314088_noac_ops.h5,SVM13_npp_d20200131_t1824310_e1825551_b42809_c20200131194954321104_noac_ops.h5,SVM14_npp_d20200131_t1824310_e1825551_b42809_c20200131194954325703_noac_ops.h5,SVM15_npp_d20200131_t1824310_e1825551_b42809_c20200131194954329975_noac_ops.h5,SVM16_npp_d20200131_t1824310_e1825551_b42809_c20200131194954334846_noac_ops.h5,SVDNB_npp_d20200131_t1824310_e1825551_b42809_c20200131194952264013_noac_ops.h5,GDNBO_npp_d20200131_t1824310_e1825551_b42809_c20200131194952258133_noac_ops.h5,GMTCO_npp_d20200131_t1824310_e1825551_b42809_c20200131194901078928_noac_ops.h5,GDNBO_npp_d20200131_t1824310_e1825551_b42809_c20200131194952258133_noac_ops.h5,VICMO_npp_d20200131_t1824310_e1825551_b42809_c20200131195023700034_noac_ops.h5,,,
116,x1055914E_y052341N_l0737_s1612_v30,2020/01/31 14:12:31,5.234113,105.591362,2020/01/31 18:25:53.147,2020-02-01 02:25:53.147,1817,999999,9.4879e-07,0.58577,0.337367,999999,999999,0.575938,0.546444,2,1,374849,0.0136207,0.0231019,0.0715372,0.0734915,0.0633205,0.382274,0.656232,8.19237,8.77486,8.084,1,1,1,1,1,1,1,1,1,1,0,0,0,0,0,0,0,0,0,0,0,0,0,0,0,999999,999999,999999,999999,999999,87,1612,737,999999,999999,2046,737,5.233318,105.594307,0.337721,0.0352489,0.0845961,0.0372633,0.0186761,8.50867,158.033,125.068,0.77554,-111.304,1415.78,1089.53,-7321.3,-1.91918e+06,6.91663e+06,649585,-10.3349,4.2535,2.70304,128,0,11,3,0,10,0,3,11.963102;10.058201;7.703764;2.730261;5.042878;6.948455,92.707832;106.597130;120.294876;119.049461;105.469345;91.754662,0.000000;0.013869;0.025382;0.057967;0.153502;0.181375;0.347803;0.407723;0.407723;0.000000,0.000000;0.013747;0.026060;0.068288;0.202522;0.243536;0.497055;0.637556;999999.000000;999999.000000,SVM07_npp_d20200131_t1824310_e1825551_b42809_c20200131194954361323_noac_ops.h5,SVM08_npp_d20200131_t1824310_e1825551_b42809_c20200131194954365760_noac_ops.h5,SVM10_npp_d20200131_t1824310_e1825551_b42809_c20200131194954296956_noac_ops.h5,SVM11_npp_d20200131_t1824310_e1825551_b42809_c20200131194954307317_noac_ops.h5,SVM12_npp_d20200131_t1824310_e1825551_b42809_c20200131194954314088_noac_ops.h5,SVM13_npp_d20200131_t1824310_e1825551_b42809_c20200131194954321104_noac_ops.h5,SVM14_npp_d20200131_t1824310_e1825551_b42809_c20200131194954325703_noac_ops.h5,SVM15_npp_d20200131_t1824310_e1825551_b42809_c20200131194954329975_noac_ops.h5,SVM16_npp_d20200131_t1824310_e1825551_b42809_c20200131194954334846_noac_ops.h5,SVDNB_npp_d20200131_t1824310_e1825551_b42809_c20200131194952264013_noac_ops.h5,GDNBO_npp_d20200131_t1824310_e1825551_b42809_c20200131194952258133_noac_ops.h5,GMTCO_npp_d20200131_t1824310_e1825551_b42809_c20200131194901078928_noac_ops.h5,GDNBO_npp_d20200131_t1824310_e1825551_b42809_c20200131194952258133_noac_ops.h5,VICMO_npp_d20200131_t1824310_e1825551_b42809_c20200131195023700034_noac_ops.h5,,,
117,x1055983E_y052330N_l0737_s1613_v30,2020/01/31 14:12:31,5.233027,105.598274,2020/01/31 18:25:53.147,2020-02-01 02:25:53.147,1498,292,8.59404e-06,2.45606,1.41459,999999,999999,0.575959,4.94981,2,34,507769,0.000714555,0.0346527,0.141042,0.263949,0.231709,0.425631,0.672133,8.17119,8.75613,8.05284,1,1,1,1,1,1,1,1,1,1,0,0,0,0,0,0,0,0,0,0,0,0,0,0,0,999999,999999,999999,999999,999999,233,1613,737,999999,999999,2047,737,5.232279,105.600922,0.304586,0.0352489,0.0845961,0.0372633,0.0186761,8.50867,158.027,125.061,0.82849,-109.204,1415.78,1089.53,-7321.3,-1.91918e+06,6.91663e+06,649585,-10.3349,4.2535,2.70304,128,0,11,3,0,11,0,6,11.963102;10.058201;7.703764;2.730261;5.042878;6.948455,92.707832;106.597130;120.294876;119.049461;105.469345;91.754662,0.000000;0.013869;0.025382;0.057967;0.153502;0.181375;0.347803;0.407723;0.407723;0.000000,0.000000;0.013747;0.026060;0.068288;0.202522;0.243536;0.497055;0.637556;999999.000000;999999.000000,SVM07_npp_d20200131_t1824310_e1825551_b42809_c20200131194954361323_noac_ops.h5,SVM08_npp_d20200131_t1824310_e1825551_b42809_c20200131194954365760_noac_ops.h5,SVM10_npp_d20200131_t1824310_e1825551_b42809_c20200131194954296956_noac_ops.h5,SVM11_npp_d20200131_t1824310_e1825551_b42809_c20200131194954307317_noac_ops.h5,SVM12_npp_d20200131_t1824310_e1825551_b42809_c20200131194954314088_noac_ops.h5,SVM13_npp_d20200131_t1824310_e1825551_b42809_c20200131194954321104_noac_ops.h5,SVM14_npp_d20200131_t1824310_e1825551_b42809_c20200131194954325703_noac_ops.h5,SVM15_npp_d20200131_t1824310_e1825551_b42809_c20200131194954329975_noac_ops.h5,SVM16_npp_d20200131_t1824310_e1825551_b42809_c20200131194954334846_noac_ops.h5,SVDNB_npp_d20200131_t1824310_e1825551_b42809_c20200131194952264013_noac_ops.h5,GDNBO_npp_d20200131_t1824310_e1825551_b42809_c20200131194952258133_noac_ops.h5,GMTCO_npp_d20200131_t1824310_e1825551_b42809_c20200131194901078928_noac_ops.h5,GDNBO_npp_d20200131_t1824310_e1825551_b42809_c20200131194952258133_noac_ops.h5,VICMO_npp_d20200131_t1824310_e1825551_b42809_c20200131195023700034_noac_ops.h5,,,
119,x1060948E_y049578N_l0766_s1690_v30,2020/01/31 14:12:31,4.957776,106.094780,2020/01/31 18:25:54.926,2020-02-01 02:25:54.926,1957,999999,6.44339e-07,0.535513,0.312173,999999,999999,0.582942,0.375612,3,1,440641,0.00554092,0.0161156,0.0503835,0.0813185,0.0446753,0.228906,0.436838,7.11398,7.86401,7.36605,1,1,1,1,1,1,1,1,1,1,0,0,0,0,0,0,0,0,0,0,0,0,0,0,0,999999,999999,999999,999999,999999,93,1690,766,999999,999999,2127,766,4.957870,106.094109,0.0750674,0.0352489,0.0845961,0.0372633,0.0186761,8.50867,157.458,124.953,5.40617,-77.2739,1419.68,1076.1,-7322.52,-1.91666e+06,6.91856e+06,636557,-9.03398,4.73155,11.0277,0,0,15,3,1,3,0,3,11.963102;10.058201;7.703764;2.730261;5.042878;6.948455,92.707832;106.597130;120.294876;119.049461;105.469345;91.754662,0.000000;0.013869;0.025382;0.057967;0.153502;0.181375;0.347803;0.407723;0.407723;0.000000,0.000000;0.013747;0.026060;0.068288;0.202522;0.243536;0.497055;0.637556;999999.000000;999999.000000,SVM07_npp_d20200131_t1824310_e1825551_b42809_c20200131194954361323_noac_ops.h5,SVM08_npp_d20200131_t1824310_e1825551_b42809_c20200131194954365760_noac_ops.h5,SVM10_npp_d20200131_t1824310_e1825551_b42809_c20200131194954296956_noac_ops.h5,SVM11_npp_d20200131_t1824310_e1825551_b42809_c20200131194954307317_noac_ops.h5,SVM12_npp_d20200131_t1824310_e1825551_b42809_c20200131194954314088_noac_ops.h5,SVM13_npp_d20200131_t1824310_e1825551_b42809_c20200131194954321104_noac_ops.h5,SVM14_npp_d20200131_t1824310_e1825551_b42809_c20200131194954325703_noac_ops.h5,SVM15_npp_d20200131_t1824310_e1825551_b42809_c20200131194954329975_noac_ops.h5,SVM16_npp_d20200131_t1824310_e1825551_b42809_c20200131194954334846_noac_ops.h5,SVDNB_npp_d20200131_t1824310_e1825551_b42809_c20200131194952264013_noac_ops.h5,GDNBO_npp_d20200131_t1824310_e1825551_b42809_c20200131194952258133_noac_ops.h5,GMTCO_npp_d20200131_t1824310_e1825551_b42809_c20200131194901078928_noac_ops.h5,GDNBO_npp_d20200131_t1824310_e1825551_b42809_c20200131194952258133_noac_ops.h5,VICMO_npp_d20200131_t1824310_e1825551_b42809_c20200131195023700034_noac_ops.h5,,,
5,x1176329E_y032605N_l0279_s0094_v30,2020/01/31 12:08:32,3.260525,117.632851,2020/01/31 16:45:28.541,2020-02-01 00:45:28.541,999999,999999,999999,999999,999999,999999,999999,999999,999999,3,0,438336,0.00564487,0.0162255,0.0957129,0.033052,0.0301088,0.262232,0.421829,6.16624,6.94341,6.2258,1,1,1,1,1,1,1,1,1,1,0,0,0,0,0,0,0,0,0,129,0,0,0,0,0,999999,999999,999999,999999,999999,56,94,279,999999,999999,191,277,3.263923,117.630539,0.457055,0.0588908,0.125316,0.0484323,0.0241201,8.47074,164.817,158.969,67.1644,98.3112,1149.06,1202.62,-7350.02,-4.63385e+06,5.51818e+06,170254,-16.5963,-0.452077,-16.3557,128,0,14,129,0,3,0,6,5.261503;3.185287;1.050815;-3.943921;-1.830375;0.265387,116.770714;130.419724;144.007217;142.917084;129.305008;115.678627,0.000000;0.000673;0.001212;0.006463;0.020736;0.032922;0.042954;0.058640;0.101796;0.133372;0.295760;0.314813;0.329827;0.338243;0.350227;0.351438;0.352650;0.411695;0.411695;0.000000,-0.001900;-0.002131;-0.001923;0.004049;0.021664;0.037516;0.050569;0.071764;0.138626;0.187757;0.440911;0.473897;0.500061;0.517951;0.546409;0.550061;0.553982;0.746932;999999.000000;999999.000000,SVM07_npp_d20200131_t1644580_e1646221_b42808_c20200131180817571902_noac_ops.h5,SVM08_npp_d20200131_t1644580_e1646221_b42808_c20200131180817579557_noac_ops.h5,SVM10_npp_d20200131_t1644580_e1646221_b42808_c20200131180817468582_noac_ops.h5,SVM11_npp_d20200131_t1644580_e1646221_b42808_c20200131180817478140_noac_ops.h5,SVM12_npp_d20200131_t1644580_e1646221_b42808_c20200131180817484196_noac_ops.h5,SVM13_npp_d20200131_t1644580_e1646221_b42808_c20200131180817498537_noac_ops.h5,SVM14_npp_d20200131_t1644580_e1646221_b42808_c20200131180817510594_noac_ops.h5,SVM15_npp_d20200131_t1644580_e1646221_b42808_c20200131180817519984_noac_ops.h5,SVM16_npp_d20200131_t1644580_e1646221_b42808_c20200131180817528419_noac_ops.h5,SVDNB_npp_d20200131_t1644580_e1646221_b42808_c20200131180803297143_noac_ops.h5,GDNBO_npp_d20200131_t1644580_e1646221_b42808_c20200131180803290121_noac_ops.h5,GMTCO_npp_d20200131_t1644580_e1646221_b42808_c20200131180726422402_noac_ops.h5,GDNBO_npp_d20200131_t1644580_e1646221_b42808_c20200131180803290121_noac_ops.h5,VICMO_npp_d20200131_t1644580_e1646221_b42808_c20200131180830204407_noac_ops.h5,,,
8,x1194448E_y020695N_l0413_s0290_v30,2020/01/31 12:08:32,2.069514,119.444778,2020/01/31 16:45:42.775,2020-02-01 00:45:42.775,999999,999999,999999,999999,999999,999999,999999,999999,999999,3,0,425984,8.65774e-06,-0.0135295,0.0050541,0.00565752,0.0242822,0.263512,0.429463,5.77948,6.52407,5.79706,1,1,1,1,1,1,1,1,1,1,0,0,0,0,0,0,129,0,0,129,0,0,0,0,0,999999,999999,999999,999999,999999,35,290,413,999999,999999,486,417,2.069517,119.446144,0.151674,0.0588908,0.125316,0.0484323,0.0241201,8.47074,162.986,154.722,61.6444,98.1857,1221.29,1116.73,-7351.82,-4.61698e+06,5.53469e+06,65617.7,-14.7629,1.1767,-0.149549,128,0,15,131,5,3,0,6,5.261503;3.185287;1.050815;-3.943921;-1.830375;0.265387,116.770714;130.419724;144.007217;142.917084;129.305008;115.678627,0.000000;0.000673;0.001212;0.006463;0.020736;0.032922;0.042954;0.058640;0.101796;0.133372;0.295760;0.314813;0.329827;0.338243;0.350227;0.351438;0.352650;0.411695;0.411695;0.000000,-0.001900;-0.002131;-0.001923;0.004049;0.021664;0.037516;0.050569;0.071764;0.138626;0.187757;0.440911;0.473897;0.500061;0.517951;0.546409;0.550061;0.553982;0.746932;999999.000000;999999.000000,SVM07_npp_d20200131_t1644580_e1646221_b42808_c20200131180817571902_noac_ops.h5,SVM08_npp_d20200131_t1644580_e1646221_b42808_c20200131180817579557_noac_ops.h5,SVM10_npp_d20200131_t1644580_e1646221_b42808_c20200131180817468582_noac_ops.h5,SVM11_npp_d20200131_t1644580_e1646221_b42808_c20200131180817478140_noac_ops.h5,SVM12_npp_d20200131_t1644580_e1646221_b42808_c20200131180817484196_noac_ops.h5,SVM13_npp_d20200131_t1644580_e1646221_b42808_c20200131180817498537_noac_ops.h5,SVM14_npp_d20200131_t1644580_e1646221_b42808_c20200131180817510594_noac_ops.h5,SVM15_npp_d20200131_t1644580_e1646221_b42808_c20200131180817519984_noac_ops.h5,SVM16_npp_d20200131_t1644580_e1646221_b42808_c20200131180817528419_noac_ops.h5,SVDNB_npp_d20200131_t1644580_e1646221_b42808_c20200131180803297143_noac_ops.h5,GDNBO_npp_d20200131_t1644580_e1646221_b42808_c20200131180803290121_noac_ops.h5,GMTCO_npp_d20200131_t1644580_e1646221_b42808_c20200131180726422402_noac_ops.h5,GDNBO_npp_d20200131_t1644580_e1646221_b42808_c20200131180803290121_noac_ops.h5,VICMO_npp_d20200131_t1644580_e1646221_b42808_c20200131180830204407_noac_ops.h5,,,
0,,,999999.000000,999999.000000,,,999999,999999,999999,999999,999999,999999,999999,999999,999999,999999,999999,999999,999999,999999,999999,999999,999999,999999,999999,999999,999999,999999,999999,999999,999999,999999,999999,999999,999999,999999,999999,999999,999999,999999,999999,999999,999999,999999,999999,999999,999999,999999,999999,999999,999999,999999,999999,999999,999999,999999,999999,999999,999999,999999,999999,999999,999999,999999,999999,999999.000000,999999.000000,999999,999999,999999,999999,999999,999999,999999,999999,999999,999999,999999,999999,999999,999999,999999,999999,999999,999999,999999,999999,999999,999999,999999,999999,999999,999999,999999,-4.477950;-6.854959;-8.718437;-13.636548;-11.761446;-9.328874,114.501350;128.169968;141.949799;141.075272;127.058319;113.202637,,,SVM07_npp_d20200131_t1647488_e1649112_b42808_c20200131180826469737_noac_ops.h5,SVM08_npp_d20200131_t1647488_e1649112_b42808_c20200131180826476072_noac_ops.h5,SVM10_npp_d20200131_t1647488_e1649112_b42808_c20200131180826414308_noac_ops.h5,SVM11_npp_d20200131_t1647488_e1649112_b42808_c20200131180826419070_noac_ops.h5,SVM12_npp_d20200131_t1647488_e1649112_b42808_c20200131180826423962_noac_ops.h5,SVM13_npp_d20200131_t1647488_e1649112_b42808_c20200131180826427569_noac_ops.h5,SVM14_npp_d20200131_t1647488_e1649112_b42808_c20200131180826431112_noac_ops.h5,SVM15_npp_d20200131_t1647488_e1649112_b42808_c20200131180826437697_noac_ops.h5,SVM16_npp_d20200131_t1647488_e1649112_b42808_c20200131180826444032_noac_ops.h5,SVDNB_npp_d20200131_t1647488_e1649112_b42808_c20200131180823667609_noac_ops.h5,GDNBO_npp_d20200131_t1647488_e1649112_b42808_c20200131180823663724_noac_ops.h5,GMTCO_npp_d20200131_t1647488_e1649112_b42808_c20200131180726426282_noac_ops.h5,GDNBO_npp_d20200131_t1647488_e1649112_b42808_c20200131180823663724_noac_ops.h5,VICMO_npp_d20200131_t1647488_e1649112_b42808_c20200131180848259205_noac_ops.h5,,,
